Name,MP,FG,FGA,FG%,3P,3PA,3P%,2P,2PA,2P%,FT,FTA,FT%,ORB,DRB,TRB,AST,STL,BLK,TOV,PF,PTS
2023-24 Atlanta Hawks,242.1,43.0,92.5,0.465,13.7,37.7,0.364,29.3,54.8,0.535,18.5,23.2,0.797,12.5,32.2,44.7,26.6,7.5,4.5,13.5,18.6,118.3
2022-23 Atlanta Hawks,242.1,44.6,92.4,0.483,10.8,30.5,0.352,33.9,61.8,0.548,18.5,22.6,0.818,11.2,33.2,44.4,25.0,7.1,4.9,12.9,18.8,118.4
2021-22 Atlanta Hawks,240.3,41.5,88.3,0.47,12.9,34.4,0.374,28.6,53.9,0.531,18.1,22.3,0.812,10.0,33.9,44.0,24.6,7.2,4.2,11.9,18.7,113.9
2020-21 Atlanta Hawks,241.7,40.8,87.2,0.468,12.4,33.4,0.373,28.4,53.9,0.526,19.7,24.2,0.812,10.6,35.1,45.6,24.1,7.0,4.8,13.2,19.3,113.7
2019-20 Atlanta Hawks,243.0,40.6,90.6,0.449,12.0,36.1,0.333,28.6,54.5,0.525,18.5,23.4,0.79,9.9,33.4,43.3,24.0,7.8,5.1,16.2,23.1,111.8
2018-19 Atlanta Hawks,242.1,41.4,91.8,0.451,13.0,37.0,0.352,28.4,54.8,0.518,17.6,23.4,0.752,11.6,34.5,46.1,25.8,8.2,5.1,17.0,23.6,113.3
2017-18 Atlanta Hawks,240.3,38.2,85.5,0.446,11.2,31.0,0.36,27.0,54.5,0.495,15.8,20.2,0.785,9.1,32.8,41.9,23.7,7.8,4.2,15.5,19.6,103.4
2016-17 Atlanta Hawks,242.4,38.1,84.4,0.451,8.9,26.1,0.341,29.2,58.3,0.501,18.1,24.9,0.728,10.3,34.1,44.3,23.6,8.2,4.8,15.8,18.2,103.2
2015-16 Atlanta Hawks,241.8,38.6,84.4,0.458,9.9,28.4,0.35,28.7,56.1,0.512,15.6,20.0,0.783,8.3,33.8,42.1,25.6,9.1,5.9,15.0,19.1,102.8
2014-15 Atlanta Hawks,240.6,38.1,81.7,0.466,10.0,26.2,0.38,28.1,55.5,0.506,16.5,21.2,0.778,8.7,31.8,40.6,25.7,9.1,4.6,14.2,17.8,102.5
2013-14 Atlanta Hawks,241.8,37.3,81.6,0.458,9.4,25.8,0.363,28.0,55.8,0.502,17.0,21.7,0.781,8.7,31.3,40.0,24.9,8.3,4.0,15.3,19.2,101.0
2012-13 Atlanta Hawks,242.1,37.6,81.0,0.464,8.6,23.2,0.371,29.0,57.8,0.501,14.1,19.7,0.715,9.2,31.6,40.9,24.5,8.1,4.5,14.9,18.0,98.0
2011-12 Atlanta Hawks,244.9,36.8,81.0,0.454,7.5,20.2,0.37,29.3,60.9,0.482,15.5,21.0,0.74,9.9,31.3,41.2,22.4,8.1,4.6,14.0,17.8,96.6
2010-11 Atlanta Hawks,240.6,36.2,78.4,0.462,6.1,17.4,0.352,30.1,61.0,0.494,16.4,21.1,0.779,9.3,30.0,39.3,22.0,6.1,4.2,13.6,19.0,95.0
2009-10 Atlanta Hawks,242.1,38.8,82.9,0.468,6.4,17.7,0.36,32.4,65.2,0.497,17.7,23.3,0.759,11.8,29.9,41.7,21.8,7.2,5.0,12.0,19.9,101.7
2008-09 Atlanta Hawks,240.3,36.0,78.7,0.458,7.3,19.9,0.366,28.8,58.8,0.49,18.7,25.4,0.737,10.6,29.4,40.0,20.2,7.4,4.6,12.8,19.6,98.1
2007-08 Atlanta Hawks,242.1,36.3,79.9,0.454,4.7,13.1,0.356,31.6,66.8,0.473,21.0,27.2,0.772,12.3,29.9,42.2,22.0,7.3,5.5,14.9,20.4,98.2
2006-07 Atlanta Hawks,242.4,34.5,77.7,0.444,4.2,12.7,0.329,30.4,65.0,0.467,20.5,26.9,0.761,11.9,28.2,40.1,19.2,7.4,5.4,15.9,24.0,93.7
2005-06 Atlanta Hawks,242.4,35.9,79.2,0.454,5.2,14.1,0.367,30.8,65.1,0.472,20.2,26.9,0.75,13.0,27.2,40.3,19.8,7.2,4.8,15.7,25.0,97.2
2004-05 Atlanta Hawks,242.1,35.9,81.4,0.441,3.7,11.9,0.312,32.2,69.5,0.463,17.3,24.3,0.711,13.4,28.5,41.9,19.7,7.7,4.2,16.1,24.5,92.7
2003-04 Atlanta Hawks,242.7,34.5,79.6,0.433,5.1,15.2,0.335,29.4,64.4,0.456,18.7,24.1,0.776,12.1,30.6,42.7,20.1,7.6,5.0,16.5,22.3,92.8
2002-03 Atlanta Hawks,242.7,34.9,78.5,0.444,4.9,13.9,0.352,30.0,64.5,0.464,19.4,24.5,0.793,11.4,31.2,42.6,20.5,7.5,5.8,16.7,21.7,94.1
2001-02 Atlanta Hawks,241.2,35.4,80.6,0.439,5.2,14.6,0.354,30.2,66.0,0.458,18.1,23.7,0.765,11.6,29.8,41.5,20.2,8.1,4.3,15.5,20.8,94.0
2000-01 Atlanta Hawks,240.6,35.1,81.3,0.431,4.1,11.4,0.357,31.0,69.9,0.443,16.8,22.1,0.759,12.5,30.4,42.9,19.0,7.7,4.7,16.7,22.7,91.0
1999-00 Atlanta Hawks,241.8,36.6,83.0,0.441,3.1,9.9,0.317,33.4,73.1,0.458,18.0,24.2,0.743,14.0,31.3,45.3,18.9,6.1,5.6,15.4,21.0,94.3
1998-99 Atlanta Hawks,241.5,30.8,75.2,0.409,3.9,12.9,0.306,26.8,62.3,0.431,20.8,28.4,0.731,13.5,30.0,43.5,15.6,6.9,5.2,14.9,19.7,86.3
1997-98 Atlanta Hawks,242.4,35.2,77.5,0.455,4.1,12.4,0.332,31.1,65.1,0.478,21.3,28.2,0.756,13.5,29.5,43.0,19.1,8.0,6.0,14.8,20.4,95.9
1996-97 Atlanta Hawks,241.5,34.3,76.9,0.446,8.0,22.4,0.359,26.3,54.5,0.481,18.2,23.8,0.763,12.5,28.7,41.1,19.0,8.5,5.2,15.0,19.4,94.8
1995-96 Atlanta Hawks,240.6,36.4,81.3,0.448,6.9,19.5,0.355,29.5,61.8,0.477,18.6,24.5,0.757,14.4,26.2,40.6,19.6,9.4,3.9,15.0,20.9,98.3
1994-95 Atlanta Hawks,242.1,36.4,81.5,0.447,6.6,19.3,0.341,29.8,62.2,0.48,17.2,23.8,0.724,13.5,27.7,41.2,21.4,9.0,5.0,14.9,22.0,96.6
1993-94 Atlanta Hawks,240.9,39.6,85.8,0.461,3.3,10.1,0.323,36.3,75.7,0.48,19.0,25.2,0.752,15.2,29.5,44.8,25.1,11.2,5.5,15.3,19.8,101.4
1992-93 Atlanta Hawks,241.8,41.4,88.7,0.466,4.7,13.1,0.355,36.7,75.6,0.486,20.1,27.1,0.742,15.7,28.6,44.3,25.4,9.8,3.4,16.3,22.0,107.5
1991-92 Atlanta Hawks,242.7,42.6,91.2,0.467,2.6,8.2,0.313,40.0,83.0,0.482,18.5,25.3,0.731,15.7,30.5,46.2,25.9,9.7,3.9,15.3,21.6,106.2
1990-91 Atlanta Hawks,240.9,40.8,88.1,0.464,3.3,10.2,0.324,37.5,77.9,0.482,24.8,31.0,0.8,15.1,29.5,44.6,22.7,8.9,4.6,15.0,21.6,109.8
1989-90 Atlanta Hawks,240.6,41.7,85.6,0.487,1.5,5.0,0.302,40.2,80.6,0.498,23.7,31.0,0.764,15.5,26.7,42.2,22.2,8.7,4.3,15.5,22.8,108.5
1988-89 Atlanta Hawks,241.5,41.6,88.2,0.472,1.3,4.8,0.277,40.3,83.3,0.483,26.4,33.0,0.8,16.7,28.2,45.0,24.3,10.0,5.8,16.0,22.9,111.0
1987-88 Atlanta Hawks,241.2,42.0,86.6,0.485,1.0,3.4,0.301,41.0,83.2,0.492,22.8,29.8,0.767,15.0,29.0,44.0,25.1,7.7,6.5,14.9,25.0,107.9
1986-87 Atlanta Hawks,240.6,41.9,87.1,0.481,1.6,5.2,0.318,40.2,81.9,0.491,24.6,32.5,0.759,16.5,30.2,46.7,25.3,8.5,6.2,15.6,26.2,110.0
1985-86 Atlanta Hawks,241.5,42.0,85.7,0.49,0.4,2.0,0.199,41.6,83.7,0.497,24.1,33.0,0.732,15.2,29.3,44.6,24.7,9.0,5.3,18.1,26.5,108.6
1984-85 Atlanta Hawks,242.1,42.0,86.8,0.484,0.9,2.9,0.311,41.1,84.0,0.49,21.7,28.9,0.752,14.2,28.6,42.8,24.5,8.1,6.6,18.0,25.0,106.6
1983-84 Atlanta Hawks,242.1,39.4,83.0,0.474,0.3,1.3,0.217,39.1,81.7,0.478,22.4,29.4,0.761,13.6,27.2,40.8,22.3,7.6,6.8,16.2,25.5,101.5
1982-83 Atlanta Hawks,241.2,40.9,87.1,0.469,0.5,2.3,0.239,40.3,84.9,0.475,19.3,25.7,0.751,13.9,29.7,43.6,23.7,7.0,8.1,17.4,24.7,101.6
1981-82 Atlanta Hawks,242.4,39.1,82.6,0.474,0.3,1.6,0.219,38.8,81.1,0.479,22.4,29.1,0.768,13.8,28.9,42.7,22.1,7.4,5.9,16.4,27.7,101.0
1980-81 Atlanta Hawks,243.0,40.1,83.7,0.479,0.1,1.0,0.122,40.0,82.7,0.484,24.5,31.6,0.777,14.6,27.1,41.8,22.5,9.1,5.7,19.6,27.8,104.9
1979-80 Atlanta Hawks,241.2,39.8,85.7,0.464,0.2,0.9,0.173,39.6,84.8,0.467,24.9,32.3,0.771,16.7,29.3,46.0,23.3,9.5,6.6,18.2,28.0,104.5
2023-24 Boston Celtics,241.8,43.9,90.2,0.487,16.5,42.5,0.388,27.4,47.7,0.575,16.3,20.2,0.807,10.7,35.6,46.3,26.9,6.8,6.6,11.9,16.2,120.6
2022-23 Boston Celtics,243.7,42.2,88.8,0.475,16.0,42.6,0.377,26.2,46.2,0.567,17.5,21.6,0.812,9.7,35.6,45.3,26.7,6.4,5.2,13.4,18.8,117.9
2021-22 Boston Celtics,242.7,40.7,87.4,0.466,13.2,37.1,0.356,27.5,50.3,0.547,17.0,20.9,0.816,10.5,35.5,46.1,24.8,7.2,5.8,13.6,18.5,111.8
2020-21 Boston Celtics,241.4,41.5,88.9,0.466,13.6,36.4,0.374,27.9,52.5,0.53,16.1,20.8,0.775,10.6,33.6,44.3,23.5,7.7,5.3,14.1,20.4,112.6
2019-20 Boston Celtics,242.1,41.3,89.6,0.461,12.6,34.5,0.364,28.7,55.0,0.522,18.6,23.2,0.801,10.7,35.4,46.1,23.0,8.3,5.6,13.8,21.6,113.7
2018-19 Boston Celtics,241.2,42.1,90.5,0.465,12.6,34.5,0.365,29.5,56.0,0.527,15.6,19.5,0.802,9.8,34.7,44.5,26.3,8.6,5.3,12.8,20.4,112.4
2017-18 Boston Celtics,241.5,38.3,85.1,0.45,11.5,30.4,0.377,26.9,54.7,0.491,16.0,20.7,0.771,9.4,35.1,44.5,22.5,7.4,4.5,14.0,19.7,104.0
2016-17 Boston Celtics,240.9,38.6,85.1,0.454,12.0,33.4,0.359,26.6,51.7,0.515,18.7,23.2,0.807,9.1,32.9,42.0,25.2,7.5,4.1,13.3,20.6,108.0
2015-16 Boston Celtics,241.2,39.2,89.2,0.439,8.7,26.1,0.335,30.5,63.1,0.483,18.5,23.5,0.788,11.6,33.3,44.9,24.2,9.2,4.2,13.7,21.9,105.7
2014-15 Boston Celtics,242.4,38.9,87.9,0.443,8.0,24.6,0.327,30.9,63.3,0.488,15.4,20.5,0.754,11.1,32.7,43.8,24.5,8.2,3.6,13.8,21.2,101.4
2013-14 Boston Celtics,240.6,36.5,83.9,0.435,7.0,21.1,0.333,29.5,62.9,0.47,16.2,20.8,0.777,12.0,30.5,42.5,21.0,7.1,4.2,15.4,21.3,96.2
2012-13 Boston Celtics,244.9,37.0,79.7,0.465,6.1,17.2,0.358,30.9,62.6,0.494,16.3,21.0,0.776,8.1,31.3,39.3,22.8,8.2,4.5,14.6,21.2,96.5
2011-12 Boston Celtics,241.5,35.5,77.1,0.46,5.5,15.0,0.367,30.0,62.1,0.483,15.4,19.8,0.778,7.7,31.1,38.8,23.6,7.5,5.5,14.8,19.9,91.8
2010-11 Boston Celtics,241.2,36.9,75.8,0.486,5.0,13.6,0.365,31.9,62.2,0.513,17.8,23.1,0.77,7.8,31.0,38.8,23.4,8.2,4.2,14.6,20.5,96.5
2009-10 Boston Celtics,241.2,37.1,76.8,0.483,6.1,17.5,0.348,31.0,59.3,0.523,19.0,25.5,0.746,8.7,29.9,38.6,23.5,8.5,4.9,14.9,22.1,99.2
2008-09 Boston Celtics,242.4,37.5,77.2,0.486,6.6,16.5,0.397,30.9,60.7,0.51,19.4,25.3,0.765,10.6,31.5,42.1,22.7,7.6,4.7,15.6,23.1,100.9
2007-08 Boston Celtics,240.9,36.4,76.7,0.475,7.3,19.1,0.381,29.1,57.6,0.506,20.5,26.5,0.771,10.1,31.9,42.0,22.4,8.5,4.6,15.2,22.7,100.5
2006-07 Boston Celtics,242.1,34.9,78.7,0.443,5.7,15.6,0.367,29.1,63.1,0.462,20.4,26.6,0.767,11.2,29.2,40.4,19.9,7.2,4.7,16.5,24.0,95.8
2005-06 Boston Celtics,242.4,36.0,77.1,0.467,5.7,15.7,0.362,30.3,61.4,0.494,20.3,26.9,0.755,9.9,29.7,39.6,20.9,7.0,5.1,16.6,24.8,98.0
2004-05 Boston Celtics,242.4,37.1,79.4,0.468,5.3,15.3,0.349,31.8,64.1,0.496,21.6,28.3,0.764,11.1,29.7,40.8,22.1,8.1,5.2,15.8,24.4,101.3
2003-04 Boston Celtics,240.3,34.7,78.2,0.443,6.7,19.5,0.346,27.9,58.7,0.475,19.2,25.5,0.75,10.4,29.8,40.1,20.5,9.4,4.0,16.2,22.4,95.3
2002-03 Boston Celtics,241.8,32.9,79.4,0.415,8.8,26.3,0.334,24.2,53.1,0.455,18.0,24.3,0.742,10.4,30.1,40.5,19.2,8.8,3.7,14.0,21.4,92.7
2001-02 Boston Celtics,241.8,34.8,82.1,0.424,8.5,23.7,0.359,26.3,58.4,0.45,18.3,23.9,0.764,10.9,31.3,42.2,21.0,9.7,3.6,13.6,21.7,96.4
2000-01 Boston Celtics,241.8,33.8,79.1,0.428,7.2,19.9,0.363,26.6,59.2,0.45,19.8,26.7,0.74,10.9,28.9,39.8,20.8,9.4,4.1,15.7,23.8,94.6
1999-00 Boston Celtics,240.6,37.2,83.9,0.444,5.1,15.4,0.331,32.2,68.5,0.469,19.8,26.5,0.745,13.5,29.5,43.0,21.2,9.7,3.5,15.4,27.1,99.3
1998-99 Boston Celtics,243.0,36.3,83.3,0.436,5.5,15.2,0.36,30.9,68.1,0.453,14.9,21.5,0.692,13.6,29.2,42.8,21.5,9.1,5.1,16.1,23.9,93.0
1997-98 Boston Celtics,240.6,36.7,84.6,0.434,5.1,15.2,0.332,31.7,69.3,0.457,17.4,24.0,0.726,14.6,24.9,39.5,22.1,12.0,4.5,16.2,26.9,95.9
1996-97 Boston Celtics,242.7,37.4,85.0,0.44,5.7,16.2,0.351,31.7,68.7,0.461,20.1,26.8,0.75,13.4,26.7,40.0,21.9,9.9,3.8,16.4,23.4,100.6
1995-96 Boston Celtics,242.7,38.6,84.7,0.456,6.6,17.7,0.371,32.0,66.9,0.478,19.9,27.9,0.714,12.8,29.6,42.4,21.9,8.0,5.0,15.9,24.9,103.6
1994-95 Boston Celtics,241.5,38.8,83.5,0.464,4.4,12.0,0.368,34.4,71.5,0.48,20.8,27.7,0.753,14.1,28.3,42.4,21.7,7.5,4.4,15.9,24.1,102.8
1993-94 Boston Celtics,242.7,40.6,86.1,0.472,1.7,5.8,0.289,39.0,80.2,0.486,17.8,24.4,0.73,12.6,29.0,41.7,23.5,8.2,5.4,15.1,22.5,100.8
1992-93 Boston Celtics,241.2,42.1,86.5,0.487,1.3,4.7,0.287,40.8,81.8,0.498,18.1,23.3,0.777,13.1,29.7,42.8,24.4,7.9,5.6,14.3,22.7,103.7
1991-92 Boston Celtics,241.2,43.2,87.8,0.492,1.3,4.4,0.306,41.9,83.4,0.502,18.9,23.4,0.808,13.4,31.5,44.9,25.3,7.8,5.9,14.2,20.6,106.6
1990-91 Boston Celtics,241.5,45.1,88.0,0.512,1.3,4.2,0.315,43.7,83.8,0.522,20.1,24.4,0.824,13.3,32.9,46.2,26.3,8.2,6.9,16.1,20.7,111.5
1989-90 Boston Celtics,240.3,43.5,87.2,0.498,1.3,4.9,0.262,42.2,82.2,0.513,21.8,26.3,0.832,13.0,33.0,46.0,29.5,6.6,5.5,15.3,20.9,110.0
1988-89 Boston Celtics,241.2,42.9,87.1,0.493,1.0,3.8,0.252,42.0,83.3,0.504,22.4,28.6,0.783,14.4,29.8,44.2,26.7,7.8,5.1,16.3,22.9,109.2
1987-88 Boston Celtics,241.2,43.9,84.2,0.521,3.3,8.6,0.384,40.6,75.6,0.537,22.5,28.0,0.803,11.3,29.8,41.1,29.9,7.6,5.1,15.9,22.0,113.6
1986-87 Boston Celtics,241.5,44.5,86.0,0.517,2.5,6.9,0.366,41.9,79.1,0.53,21.2,26.3,0.808,11.4,31.5,42.9,29.5,6.8,6.4,15.9,20.9,112.6
1985-86 Boston Celtics,242.1,45.3,89.2,0.508,1.7,4.8,0.351,43.7,84.4,0.517,21.8,27.4,0.794,12.9,33.6,46.4,29.1,7.8,6.2,16.6,21.4,114.1
1984-85 Boston Celtics,240.3,45.4,89.3,0.508,1.3,3.8,0.356,44.0,85.6,0.515,22.7,28.1,0.806,13.6,32.1,45.7,27.9,7.9,5.0,16.2,21.7,114.8
1983-84 Boston Celtics,243.4,44.1,88.2,0.5,0.7,2.8,0.24,43.4,85.4,0.508,23.3,29.4,0.792,14.1,31.0,45.1,25.9,8.2,5.2,17.3,23.8,112.1
1982-83 Boston Celtics,241.8,45.3,92.0,0.492,0.5,2.3,0.21,44.8,89.8,0.499,21.1,28.6,0.737,15.5,30.9,46.4,27.0,9.6,6.4,18.8,25.1,112.1
1981-82 Boston Celtics,241.2,44.6,89.4,0.499,0.6,2.2,0.266,44.0,87.2,0.505,22.2,30.0,0.74,15.3,30.4,45.6,25.9,8.0,6.9,17.7,24.6,112.0
1980-81 Boston Celtics,241.2,43.7,86.6,0.504,0.8,2.9,0.27,42.9,83.6,0.513,21.7,28.9,0.752,14.1,29.6,43.6,26.9,8.3,7.2,19.2,24.3,109.9
1979-80 Boston Celtics,242.4,44.1,90.1,0.49,2.0,5.1,0.384,42.1,84.9,0.496,23.3,29.9,0.779,15.0,30.0,44.9,26.8,9.9,3.8,18.8,24.1,113.5
2023-24 Brooklyn Nets,241.5,40.7,89.1,0.456,13.3,36.7,0.362,27.4,52.4,0.522,15.8,20.9,0.756,11.4,32.6,44.1,25.6,6.8,5.2,13.1,18.5,110.4
2022-23 Brooklyn Nets,240.6,41.5,85.1,0.487,12.8,33.8,0.378,28.7,51.3,0.559,17.7,22.1,0.8,8.2,32.3,40.5,25.5,7.1,6.2,13.7,21.1,113.4
2021-22 Brooklyn Nets,240.9,42.0,88.4,0.475,11.5,31.7,0.361,30.5,56.7,0.538,17.5,21.7,0.805,10.3,34.1,44.4,25.3,7.1,5.5,14.1,20.4,112.9
2020-21 Brooklyn Nets,241.7,43.1,87.3,0.494,14.2,36.1,0.392,29.0,51.2,0.565,18.1,22.5,0.804,8.9,35.5,44.4,26.8,6.7,5.3,13.5,19.0,118.6
2019-20 Brooklyn Nets,242.8,40.4,90.3,0.448,13.1,38.1,0.343,27.3,52.1,0.524,17.9,24.1,0.745,10.6,37.3,47.9,24.5,6.4,4.5,15.3,21.0,111.8
2018-19 Brooklyn Nets,243.7,40.3,89.7,0.449,12.8,36.2,0.353,27.5,53.6,0.513,19.0,25.5,0.745,11.0,35.6,46.6,23.8,6.6,4.1,15.1,21.5,112.2
2017-18 Brooklyn Nets,242.1,38.2,86.8,0.441,12.7,35.7,0.356,25.5,51.1,0.5,17.4,22.6,0.772,9.7,34.8,44.4,23.7,6.2,4.8,15.2,20.6,106.6
2016-17 Brooklyn Nets,240.9,37.8,85.2,0.444,10.7,31.6,0.338,27.1,53.6,0.506,19.4,24.6,0.788,8.8,35.1,43.9,21.4,7.2,4.7,16.5,21.0,105.8
2015-16 Brooklyn Nets,240.9,38.2,84.4,0.453,6.5,18.4,0.352,31.8,66.0,0.481,15.7,20.7,0.757,10.5,31.9,42.4,22.3,7.6,4.0,14.8,18.0,98.6
2014-15 Brooklyn Nets,243.0,37.4,83.0,0.451,6.6,19.9,0.331,30.8,63.1,0.489,16.6,22.2,0.748,10.3,32.0,42.4,20.9,7.0,4.1,13.8,19.3,98.0
2013-14 Brooklyn Nets,242.4,35.7,77.9,0.459,8.6,23.4,0.369,27.1,54.5,0.497,18.4,24.4,0.753,8.8,29.4,38.1,20.9,8.6,3.8,14.5,21.7,98.5
2012-13 Brooklyn Nets,242.1,35.9,79.8,0.45,7.7,21.5,0.357,28.2,58.3,0.484,17.5,23.9,0.731,12.8,30.0,42.8,20.3,7.3,4.8,14.7,18.3,96.9
2023-24 Brooklyn Nets,241.5,40.7,89.1,0.456,13.3,36.7,0.362,27.4,52.4,0.522,15.8,20.9,0.756,11.4,32.6,44.1,25.6,6.8,5.2,13.1,18.5,110.4
2022-23 Brooklyn Nets,240.6,41.5,85.1,0.487,12.8,33.8,0.378,28.7,51.3,0.559,17.7,22.1,0.8,8.2,32.3,40.5,25.5,7.1,6.2,13.7,21.1,113.4
2021-22 Brooklyn Nets,240.9,42.0,88.4,0.475,11.5,31.7,0.361,30.5,56.7,0.538,17.5,21.7,0.805,10.3,34.1,44.4,25.3,7.1,5.5,14.1,20.4,112.9
2020-21 Brooklyn Nets,241.7,43.1,87.3,0.494,14.2,36.1,0.392,29.0,51.2,0.565,18.1,22.5,0.804,8.9,35.5,44.4,26.8,6.7,5.3,13.5,19.0,118.6
2019-20 Brooklyn Nets,242.8,40.4,90.3,0.448,13.1,38.1,0.343,27.3,52.1,0.524,17.9,24.1,0.745,10.6,37.3,47.9,24.5,6.4,4.5,15.3,21.0,111.8
2018-19 Brooklyn Nets,243.7,40.3,89.7,0.449,12.8,36.2,0.353,27.5,53.6,0.513,19.0,25.5,0.745,11.0,35.6,46.6,23.8,6.6,4.1,15.1,21.5,112.2
2017-18 Brooklyn Nets,242.1,38.2,86.8,0.441,12.7,35.7,0.356,25.5,51.1,0.5,17.4,22.6,0.772,9.7,34.8,44.4,23.7,6.2,4.8,15.2,20.6,106.6
2016-17 Brooklyn Nets,240.9,37.8,85.2,0.444,10.7,31.6,0.338,27.1,53.6,0.506,19.4,24.6,0.788,8.8,35.1,43.9,21.4,7.2,4.7,16.5,21.0,105.8
2015-16 Brooklyn Nets,240.9,38.2,84.4,0.453,6.5,18.4,0.352,31.8,66.0,0.481,15.7,20.7,0.757,10.5,31.9,42.4,22.3,7.6,4.0,14.8,18.0,98.6
2014-15 Brooklyn Nets,243.0,37.4,83.0,0.451,6.6,19.9,0.331,30.8,63.1,0.489,16.6,22.2,0.748,10.3,32.0,42.4,20.9,7.0,4.1,13.8,19.3,98.0
2013-14 Brooklyn Nets,242.4,35.7,77.9,0.459,8.6,23.4,0.369,27.1,54.5,0.497,18.4,24.4,0.753,8.8,29.4,38.1,20.9,8.6,3.8,14.5,21.7,98.5
2012-13 Brooklyn Nets,242.1,35.9,79.8,0.45,7.7,21.5,0.357,28.2,58.3,0.484,17.5,23.9,0.731,12.8,30.0,42.8,20.3,7.3,4.8,14.7,18.3,96.9
2013-14 Charlotte Bobcats,242.7,36.3,82.1,0.442,6.3,17.9,0.351,30.0,64.1,0.468,18.0,24.4,0.737,9.5,33.2,42.7,21.7,6.1,5.1,12.3,18.2,96.9
2012-13 Charlotte Bobcats,241.5,34.4,81.1,0.425,5.7,17.1,0.335,28.7,64.0,0.448,18.9,25.1,0.75,11.2,29.1,40.3,19.4,7.2,5.8,14.1,19.0,93.4
2011-12 Charlotte Bobcats,240.8,33.2,80.2,0.414,4.0,13.5,0.295,29.2,66.7,0.439,16.5,22.2,0.746,10.3,28.7,39.0,20.1,6.0,5.5,14.5,18.9,87.0
2010-11 Charlotte Bobcats,241.5,35.0,77.6,0.451,4.8,14.7,0.327,30.2,63.0,0.48,18.4,24.4,0.756,10.3,29.8,40.1,21.1,6.4,5.3,14.5,20.0,93.3
2009-10 Charlotte Bobcats,242.4,34.9,76.9,0.453,5.6,16.2,0.346,29.2,60.7,0.482,20.0,26.6,0.751,10.5,30.4,40.8,20.2,7.7,5.4,15.7,19.5,95.3
2008-09 Charlotte Bobcats,243.0,35.0,76.8,0.455,6.0,16.3,0.366,29.0,60.5,0.479,17.7,24.0,0.74,10.8,28.9,39.7,21.2,7.1,4.8,15.6,21.4,93.6
2007-08 Charlotte Bobcats,242.4,36.1,79.9,0.452,6.5,17.6,0.367,29.6,62.3,0.476,18.4,25.8,0.714,10.9,29.8,40.6,21.3,7.5,4.9,14.7,21.7,97.1
2006-07 Charlotte Bobcats,244.0,36.1,81.0,0.446,5.6,15.6,0.357,30.5,65.4,0.467,19.1,26.0,0.734,11.2,28.6,39.8,22.4,7.8,4.5,14.9,24.2,96.9
2005-06 Charlotte Bobcats,242.7,36.1,83.5,0.433,5.2,15.4,0.339,30.9,68.1,0.454,19.4,26.7,0.729,12.1,27.7,39.8,20.9,10.0,4.3,14.2,23.9,96.9
2004-05 Charlotte Bobcats,242.4,36.1,83.6,0.432,3.9,10.7,0.363,32.2,72.9,0.442,18.1,25.6,0.709,13.2,28.5,41.7,21.9,8.5,5.4,14.5,23.1,94.3
2023-24 Chicago Bulls,243.7,42.0,89.5,0.47,11.5,32.1,0.358,30.6,57.4,0.532,16.7,21.1,0.791,11.2,32.6,43.8,25.0,7.8,4.8,12.2,18.8,112.3
2022-23 Chicago Bulls,242.7,42.5,86.8,0.49,10.4,28.9,0.361,32.1,57.9,0.555,17.6,21.8,0.809,8.5,33.9,42.4,24.5,7.9,4.5,13.4,18.9,113.1
2021-22 Chicago Bulls,240.6,41.7,86.9,0.48,10.6,28.8,0.369,31.1,58.1,0.535,17.5,21.5,0.813,8.7,33.7,42.3,23.9,7.1,4.1,12.8,18.8,111.6
2020-21 Chicago Bulls,241.4,42.2,88.6,0.476,12.6,34.0,0.37,29.6,54.6,0.542,13.8,17.5,0.791,9.6,35.3,45.0,26.8,6.7,4.2,15.1,18.9,110.7
2019-20 Chicago Bulls,241.2,39.6,88.6,0.447,12.2,35.1,0.348,27.4,53.5,0.511,15.5,20.5,0.755,10.5,31.4,41.9,23.2,10.0,4.1,15.5,21.8,106.8
2018-19 Chicago Bulls,242.7,39.8,87.9,0.453,9.1,25.9,0.351,30.7,62.0,0.496,16.2,20.7,0.783,8.8,34.1,42.9,21.9,7.4,4.3,14.1,20.3,104.9
2017-18 Chicago Bulls,242.1,38.7,88.8,0.435,11.0,31.1,0.355,27.6,57.8,0.478,14.6,19.2,0.759,9.6,35.0,44.7,23.5,7.6,3.5,14.0,19.2,102.9
2016-17 Chicago Bulls,241.2,38.6,87.1,0.444,7.6,22.3,0.34,31.0,64.8,0.479,18.0,22.5,0.798,12.2,34.1,46.3,22.6,7.8,4.8,13.6,17.7,102.9
2015-16 Chicago Bulls,242.7,38.6,87.4,0.441,7.9,21.4,0.371,30.7,66.1,0.464,16.5,21.0,0.787,11.1,35.2,46.3,22.8,6.0,5.7,13.9,18.8,101.6
2014-15 Chicago Bulls,242.4,36.6,82.9,0.442,7.9,22.3,0.353,28.7,60.6,0.474,19.7,25.2,0.783,11.7,34.0,45.7,21.7,6.3,5.8,14.0,18.2,100.8
2013-14 Chicago Bulls,243.0,34.7,80.2,0.432,6.2,17.8,0.348,28.5,62.4,0.456,18.1,23.3,0.779,11.4,32.7,44.1,22.7,7.2,5.2,14.9,19.1,93.7
2012-13 Chicago Bulls,241.8,35.7,81.7,0.437,5.4,15.4,0.353,30.2,66.3,0.456,16.4,21.2,0.773,12.5,30.7,43.2,23.0,7.2,5.1,14.3,19.7,93.2
2011-12 Chicago Bulls,241.5,37.4,82.8,0.452,6.3,16.9,0.375,31.0,65.8,0.471,15.2,21.1,0.722,13.9,32.8,46.7,23.1,6.9,5.9,14.0,17.3,96.3
2010-11 Chicago Bulls,241.8,37.1,80.3,0.462,6.2,17.3,0.361,30.9,63.1,0.489,18.2,24.5,0.743,11.8,32.4,44.2,22.3,7.2,5.7,14.2,20.0,98.6
2009-10 Chicago Bulls,242.7,37.6,83.2,0.451,4.3,13.0,0.33,33.3,70.2,0.474,18.0,23.9,0.754,11.4,33.1,44.5,20.8,6.5,5.8,14.3,20.1,97.5
2008-09 Chicago Bulls,243.0,38.1,83.5,0.457,6.0,15.8,0.381,32.1,67.7,0.474,19.9,25.0,0.796,11.8,30.3,42.1,21.1,7.5,5.5,14.5,20.8,102.2
2007-08 Chicago Bulls,241.5,36.4,83.7,0.435,5.8,15.9,0.363,30.6,67.8,0.452,18.7,24.7,0.756,12.8,30.2,43.0,22.1,7.7,5.2,14.6,21.8,97.3
2006-07 Chicago Bulls,241.2,37.1,81.3,0.457,5.9,15.1,0.388,31.3,66.2,0.473,18.6,25.4,0.734,12.0,31.7,43.7,22.3,7.8,5.4,16.0,23.3,98.8
2005-06 Chicago Bulls,242.7,36.6,82.2,0.446,6.8,18.0,0.379,29.8,64.1,0.465,17.7,24.0,0.738,11.0,31.7,42.8,22.0,6.2,4.2,14.9,24.9,97.8
2004-05 Chicago Bulls,241.8,34.7,80.4,0.432,6.2,17.5,0.357,28.5,62.9,0.453,18.7,25.0,0.75,12.2,31.6,43.8,21.3,7.0,4.5,16.7,24.7,94.5
2003-04 Chicago Bulls,241.8,34.1,82.4,0.414,5.2,15.3,0.342,28.9,67.0,0.431,16.2,22.4,0.725,12.8,30.7,43.5,21.9,8.0,4.8,16.1,23.3,89.7
2002-03 Chicago Bulls,243.0,36.5,81.9,0.445,4.3,12.2,0.35,32.2,69.7,0.462,17.7,24.6,0.722,12.0,31.0,43.0,21.7,7.4,5.6,16.9,24.7,95.0
2001-02 Chicago Bulls,241.5,34.3,79.2,0.433,3.7,10.6,0.346,30.6,68.6,0.447,17.2,23.9,0.722,11.3,28.8,40.0,22.2,7.7,4.4,15.3,22.4,89.5
2000-01 Chicago Bulls,242.1,33.2,78.2,0.424,4.0,11.6,0.346,29.2,66.6,0.438,17.2,23.3,0.739,11.3,27.6,38.9,22.1,8.2,4.6,15.8,23.2,87.6
1999-00 Chicago Bulls,241.5,31.3,75.4,0.415,4.1,12.6,0.329,27.1,62.8,0.432,18.1,25.5,0.709,12.6,28.3,40.9,20.1,7.9,4.7,19.0,23.3,84.8
1998-99 Chicago Bulls,241.5,30.8,76.7,0.401,3.5,12.2,0.289,27.2,64.5,0.422,16.8,23.7,0.709,11.5,27.9,39.3,20.3,8.7,3.4,15.5,22.2,81.9
1997-98 Chicago Bulls,242.1,37.4,82.9,0.451,3.8,11.7,0.323,33.6,71.2,0.471,18.2,24.5,0.743,15.2,29.7,44.9,23.8,8.5,4.3,14.4,20.6,96.7
1996-97 Chicago Bulls,240.6,40.0,84.4,0.473,6.4,17.1,0.373,33.6,67.3,0.499,16.8,22.5,0.747,15.1,30.0,45.1,26.1,8.7,4.0,13.5,19.7,103.1
1995-96 Chicago Bulls,240.6,40.2,84.0,0.478,6.6,16.5,0.403,33.5,67.6,0.496,18.2,24.4,0.746,15.2,29.4,44.6,24.8,9.1,4.2,14.3,22.0,105.2
1994-95 Chicago Bulls,241.8,38.9,81.8,0.476,5.4,14.5,0.373,33.5,67.4,0.498,18.3,25.2,0.726,13.5,28.0,41.5,24.0,9.7,4.3,15.8,23.9,101.5
1993-94 Chicago Bulls,241.2,39.6,83.1,0.476,2.8,8.0,0.354,36.7,75.1,0.489,16.0,22.7,0.705,13.9,29.2,43.1,25.6,9.0,4.3,15.9,21.3,98.0
1992-93 Chicago Bulls,241.8,42.4,87.9,0.482,3.0,8.2,0.365,39.4,79.7,0.494,17.5,23.8,0.733,15.7,27.8,43.6,26.0,9.5,5.0,13.5,22.0,105.2
1991-92 Chicago Bulls,241.8,44.4,87.4,0.508,1.7,5.5,0.304,42.7,81.9,0.522,19.4,26.0,0.744,14.3,29.7,44.0,27.8,8.2,5.9,13.3,20.6,109.9
1990-91 Chicago Bulls,240.9,44.3,86.9,0.51,1.9,5.2,0.366,42.4,81.7,0.519,19.6,25.7,0.76,14.0,28.6,42.6,27.0,10.0,5.3,14.4,21.4,110.0
1989-90 Chicago Bulls,241.8,43.1,86.5,0.498,3.0,8.2,0.374,40.0,78.3,0.511,20.3,26.1,0.778,13.1,27.8,40.9,26.5,9.9,4.7,15.2,23.2,109.5
1988-89 Chicago Bulls,241.2,42.0,85.0,0.495,2.1,6.5,0.328,39.9,78.5,0.509,20.2,25.7,0.786,12.4,29.9,42.3,27.0,8.8,4.6,16.2,22.6,106.4
1987-88 Chicago Bulls,242.1,41.9,85.5,0.49,0.7,3.0,0.23,41.2,82.6,0.499,20.5,27.1,0.759,14.3,30.0,44.3,26.2,8.7,5.8,15.4,22.5,105.0
1986-87 Chicago Bulls,241.8,41.2,87.3,0.473,1.0,3.6,0.261,40.3,83.6,0.482,21.4,27.5,0.778,15.2,29.3,44.5,26.1,8.3,5.3,15.3,23.4,104.8
1985-86 Chicago Bulls,242.1,42.4,88.1,0.481,1.1,3.9,0.278,41.3,84.3,0.49,23.4,30.5,0.769,15.6,27.8,43.4,24.5,7.4,4.9,17.5,26.4,109.3
1984-85 Chicago Bulls,241.5,42.1,84.3,0.5,0.4,2.0,0.18,41.8,82.3,0.507,24.2,30.8,0.784,13.1,28.9,42.0,24.3,7.6,5.7,17.8,25.3,108.7
1983-84 Chicago Bulls,243.7,40.3,85.0,0.474,0.2,1.4,0.171,40.1,83.6,0.479,22.8,30.6,0.746,13.9,28.0,42.0,25.5,8.4,5.5,19.2,26.8,103.7
1982-83 Chicago Bulls,242.7,43.1,89.9,0.48,0.5,2.5,0.215,42.6,87.4,0.487,24.2,32.8,0.737,15.5,30.8,46.3,25.4,8.1,4.9,21.3,26.7,111.0
1981-82 Chicago Bulls,242.4,41.1,82.0,0.501,0.7,2.6,0.254,40.4,79.5,0.509,23.8,31.0,0.767,13.7,30.8,44.5,24.9,7.1,5.9,20.0,24.5,106.6
1980-81 Chicago Bulls,241.2,42.2,84.2,0.501,0.5,2.2,0.212,41.7,82.0,0.508,24.2,31.3,0.774,15.0,30.2,45.1,23.5,8.9,6.3,20.4,25.1,109.0
1979-80 Chicago Bulls,242.7,41.0,84.7,0.484,0.9,3.4,0.255,40.1,81.3,0.494,24.6,31.6,0.779,13.6,30.1,43.7,26.2,8.6,4.8,20.5,26.2,107.5
2023-24 Charlotte Hornets,240.6,40.0,87.0,0.46,12.1,34.0,0.355,28.0,53.0,0.528,14.5,18.4,0.786,9.3,31.0,40.3,24.8,6.9,4.5,13.8,18.0,106.6
2022-23 Charlotte Hornets,241.8,41.3,90.4,0.457,10.7,32.5,0.33,30.5,57.9,0.528,17.6,23.6,0.749,11.0,33.5,44.5,25.1,7.7,5.2,14.2,20.3,111.0
2021-22 Charlotte Hornets,242.4,42.8,91.4,0.468,13.9,38.2,0.365,28.8,53.3,0.542,15.8,21.4,0.74,10.8,33.7,44.6,28.1,8.6,4.9,13.3,19.9,115.3
2020-21 Charlotte Hornets,241.0,39.9,87.8,0.455,13.7,37.0,0.369,26.3,50.8,0.517,15.9,20.9,0.761,10.6,33.2,43.8,26.8,7.8,4.8,14.8,18.0,109.5
2019-20 Charlotte Hornets,242.3,37.3,85.9,0.434,12.1,34.3,0.352,25.2,51.6,0.489,16.2,21.6,0.748,11.0,31.8,42.8,23.8,6.6,4.1,14.6,18.8,102.9
2018-19 Charlotte Hornets,241.8,40.2,89.8,0.448,11.9,33.9,0.351,28.3,55.8,0.507,18.4,23.1,0.797,9.9,33.9,43.8,23.2,7.2,4.9,12.2,18.9,110.7
2017-18 Charlotte Hornets,241.2,39.0,86.7,0.45,10.0,27.2,0.369,28.9,59.4,0.487,20.2,27.0,0.747,10.1,35.4,45.5,21.6,6.8,4.5,12.7,17.2,108.2
2016-17 Charlotte Hornets,241.8,37.7,85.4,0.442,10.0,28.6,0.351,27.7,56.7,0.488,19.4,23.8,0.815,8.8,34.8,43.6,23.1,7.0,4.8,11.5,16.6,104.9
2015-16 Charlotte Hornets,242.1,37.0,84.4,0.439,10.6,29.4,0.362,26.4,55.0,0.479,18.7,23.7,0.79,9.0,35.0,43.9,21.7,7.3,5.3,12.5,18.1,103.4
2014-15 Charlotte Hornets,242.7,35.5,84.5,0.42,6.1,19.1,0.318,29.5,65.4,0.45,17.0,22.8,0.748,10.0,34.1,44.1,20.2,6.1,5.5,11.9,18.2,94.2
2023-24 Cleveland Cavaliers,241.5,41.8,87.2,0.479,13.5,36.8,0.367,28.3,50.4,0.561,15.6,20.4,0.765,9.8,33.4,43.3,28.0,7.4,4.6,13.6,17.5,112.6
2022-23 Cleveland Cavaliers,242.4,41.6,85.2,0.488,11.6,31.6,0.367,30.0,53.6,0.559,17.5,22.5,0.78,9.7,31.4,41.1,24.9,7.1,4.7,13.3,19.0,112.3
2021-22 Cleveland Cavaliers,240.6,39.7,84.6,0.469,11.6,32.8,0.355,28.1,51.9,0.541,16.8,22.1,0.76,10.2,34.0,44.2,25.2,7.1,4.2,14.4,17.5,107.8
2020-21 Cleveland Cavaliers,242.1,38.6,85.8,0.45,10.0,29.7,0.336,28.6,56.0,0.51,16.7,22.4,0.743,10.4,32.3,42.8,23.8,7.8,4.5,15.5,18.2,103.8
2019-20 Cleveland Cavaliers,241.9,40.3,87.9,0.458,11.2,31.8,0.351,29.1,56.1,0.519,15.1,19.9,0.758,10.8,33.4,44.2,23.1,6.9,3.2,16.5,18.3,106.9
2018-19 Cleveland Cavaliers,240.9,38.9,87.6,0.444,10.3,29.1,0.355,28.6,58.5,0.488,16.4,20.7,0.792,10.7,31.9,42.7,20.7,6.5,2.4,13.5,20.0,104.5
2017-18 Cleveland Cavaliers,240.6,40.4,84.8,0.476,12.0,32.1,0.372,28.4,52.6,0.54,18.1,23.3,0.779,8.5,33.7,42.1,23.4,7.1,3.8,13.7,18.6,110.9
2016-17 Cleveland Cavaliers,242.4,39.9,84.9,0.47,13.0,33.9,0.384,26.9,51.0,0.528,17.5,23.3,0.748,9.3,34.4,43.7,22.7,6.6,4.0,13.7,18.1,110.3
2015-16 Cleveland Cavaliers,242.1,38.7,84.0,0.46,10.7,29.6,0.362,27.9,54.4,0.514,16.3,21.7,0.748,10.6,33.9,44.5,22.7,6.7,3.9,13.6,20.3,104.3
2014-15 Cleveland Cavaliers,241.2,37.7,82.2,0.458,10.1,27.5,0.367,27.6,54.7,0.504,17.7,23.6,0.751,11.1,31.9,43.0,22.1,7.4,4.1,14.3,18.4,103.1
2013-14 Cleveland Cavaliers,243.0,37.0,84.8,0.437,7.1,20.0,0.356,29.9,64.8,0.461,17.0,22.7,0.751,12.1,32.1,44.1,21.2,7.1,3.7,14.2,20.0,98.2
2012-13 Cleveland Cavaliers,240.6,36.5,84.2,0.434,6.7,19.3,0.346,29.8,64.9,0.46,16.8,22.3,0.756,12.2,28.8,41.0,20.7,7.9,4.1,14.0,21.2,96.5
2011-12 Cleveland Cavaliers,241.9,34.3,81.2,0.422,6.7,19.3,0.346,27.6,61.9,0.446,17.8,24.9,0.716,12.7,29.5,42.3,19.8,7.1,4.0,15.4,20.0,93.0
2010-11 Cleveland Cavaliers,240.9,35.2,81.1,0.434,6.2,18.2,0.342,29.0,62.9,0.461,18.9,25.3,0.745,10.4,29.9,40.3,21.0,6.6,4.2,14.2,20.1,95.5
2009-10 Cleveland Cavaliers,241.2,37.8,77.9,0.485,7.3,19.3,0.381,30.5,58.6,0.52,19.1,26.6,0.72,9.6,32.8,42.5,22.4,6.9,5.2,13.9,19.4,102.1
2008-09 Cleveland Cavaliers,241.2,36.9,78.7,0.468,8.0,20.4,0.393,28.9,58.3,0.495,18.6,24.5,0.757,10.8,31.4,42.2,20.3,7.2,5.3,12.7,20.3,100.3
2007-08 Cleveland Cavaliers,242.1,35.8,81.7,0.439,6.7,18.8,0.358,29.1,62.8,0.463,18.0,25.1,0.717,13.3,31.3,44.6,20.0,7.1,5.2,14.0,20.9,96.4
2006-07 Cleveland Cavaliers,242.4,36.3,81.2,0.447,6.0,17.1,0.352,30.3,64.1,0.473,18.1,26.0,0.696,12.7,30.8,43.5,20.8,7.6,4.3,14.4,21.7,96.8
2005-06 Cleveland Cavaliers,241.8,35.5,78.2,0.454,6.1,17.9,0.339,29.4,60.3,0.487,20.6,28.3,0.729,11.7,30.6,42.3,19.0,6.9,4.8,13.9,21.1,97.6
2004-05 Cleveland Cavaliers,242.1,36.5,81.5,0.447,3.7,11.0,0.332,32.8,70.5,0.465,19.9,26.5,0.752,13.6,28.7,42.3,22.6,8.0,5.6,13.9,22.6,96.5
2003-04 Cleveland Cavaliers,242.1,35.6,82.4,0.433,3.0,9.6,0.314,32.6,72.8,0.448,18.6,24.8,0.753,13.6,31.9,45.6,22.0,7.1,6.5,14.8,21.3,92.9
2002-03 Cleveland Cavaliers,241.8,34.8,82.3,0.422,3.6,10.9,0.327,31.2,71.3,0.437,18.3,24.5,0.747,13.6,31.0,44.6,20.9,7.8,6.4,18.3,22.7,91.4
2001-02 Cleveland Cavaliers,242.1,36.0,80.3,0.448,4.7,12.5,0.377,31.2,67.8,0.461,18.6,24.1,0.772,11.8,30.3,42.1,23.1,7.0,5.7,14.6,21.4,95.3
2000-01 Cleveland Cavaliers,241.8,35.2,79.7,0.442,2.7,8.0,0.334,32.6,71.6,0.455,19.0,24.9,0.765,12.4,29.8,42.1,20.8,7.8,5.3,16.5,23.2,92.2
1999-00 Cleveland Cavaliers,242.1,36.3,82.1,0.442,4.2,11.2,0.373,32.1,70.9,0.453,20.2,26.9,0.75,12.3,30.5,42.8,23.7,8.7,4.4,17.4,27.1,97.0
1998-99 Cleveland Cavaliers,241.0,31.2,71.2,0.439,3.6,10.7,0.341,27.6,60.5,0.456,20.3,27.1,0.749,9.4,26.3,35.8,21.9,9.0,4.1,15.7,24.2,86.4
1997-98 Cleveland Cavaliers,241.8,34.4,75.7,0.454,3.6,9.8,0.372,30.7,65.9,0.466,20.2,26.7,0.756,11.6,28.4,40.1,23.1,9.9,5.1,17.3,23.6,92.5
1996-97 Cleveland Cavaliers,242.1,33.0,72.8,0.453,5.9,15.7,0.376,27.1,57.2,0.474,15.6,21.6,0.723,11.1,26.3,37.4,20.9,8.0,3.8,14.5,23.0,87.5
1995-96 Cleveland Cavaliers,241.8,33.7,73.1,0.46,7.3,19.3,0.377,26.4,53.9,0.49,16.5,21.6,0.763,10.6,25.1,35.6,22.2,8.2,4.1,13.1,20.5,91.1
1994-95 Cleveland Cavaliers,243.0,33.6,76.3,0.441,4.9,12.6,0.385,28.8,63.7,0.452,18.4,24.2,0.76,12.7,27.3,40.0,20.4,7.7,4.3,14.3,20.7,90.5
1993-94 Cleveland Cavaliers,242.1,38.2,82.1,0.465,3.6,9.9,0.362,34.6,72.2,0.48,21.2,27.5,0.77,13.3,28.7,42.0,25.0,8.6,5.2,13.9,20.7,101.2
1992-93 Cleveland Cavaliers,241.8,41.8,84.0,0.497,3.5,9.0,0.381,38.3,74.9,0.511,20.7,25.8,0.802,11.3,30.4,41.8,28.6,7.5,6.5,13.7,19.3,107.7
1991-92 Cleveland Cavaliers,241.5,41.8,85.7,0.488,3.1,8.6,0.357,38.7,77.0,0.502,22.2,27.5,0.805,12.7,29.9,42.6,27.6,7.5,7.6,13.1,19.0,108.9
1990-91 Cleveland Cavaliers,241.8,39.7,83.6,0.475,2.0,5.8,0.334,37.8,77.8,0.486,20.3,26.5,0.765,12.3,28.4,40.7,27.3,7.8,5.5,15.6,20.4,101.7
1989-90 Cleveland Cavaliers,242.4,39.2,85.1,0.461,4.2,10.4,0.407,35.0,74.7,0.468,20.0,26.8,0.744,13.8,29.0,42.8,25.7,7.9,6.2,15.2,20.3,102.6
1988-89 Cleveland Cavaliers,240.9,42.3,84.2,0.502,2.1,5.8,0.359,40.2,78.4,0.513,22.2,29.7,0.747,12.6,30.2,42.8,27.6,9.6,7.1,16.1,19.4,108.8
1987-88 Cleveland Cavaliers,241.2,40.4,82.4,0.49,1.5,4.1,0.378,38.9,78.3,0.496,22.1,29.7,0.744,12.4,27.9,40.3,25.2,8.9,6.4,17.5,22.4,104.5
1986-87 Cleveland Cavaliers,240.9,40.8,86.9,0.47,1.0,4.1,0.24,39.9,82.7,0.482,21.7,31.1,0.697,15.3,29.5,44.8,23.3,8.2,6.8,19.7,22.6,104.4
1985-86 Cleveland Cavaliers,241.2,42.4,88.3,0.48,1.6,4.8,0.338,40.8,83.5,0.489,21.3,28.4,0.752,13.2,29.9,43.2,25.2,7.6,5.3,17.2,27.6,107.8
1984-85 Cleveland Cavaliers,241.2,42.3,89.8,0.471,1.2,4.1,0.287,41.1,85.7,0.48,22.8,30.4,0.749,14.7,29.8,44.5,25.6,7.6,5.8,16.9,26.5,108.6
1983-84 Cleveland Cavaliers,242.1,41.0,88.2,0.465,0.5,2.0,0.262,40.5,86.2,0.47,19.7,26.6,0.743,14.8,29.1,43.9,23.5,7.7,4.6,16.2,26.9,102.3
1982-83 Cleveland Cavaliers,240.9,39.7,85.3,0.465,0.4,1.5,0.25,39.3,83.8,0.469,17.4,24.2,0.721,14.3,29.4,43.7,21.2,7.5,3.5,18.8,27.3,97.1
1981-82 Cleveland Cavaliers,241.5,41.5,89.4,0.464,0.3,1.7,0.182,41.2,87.8,0.47,19.9,26.6,0.747,14.5,26.5,41.0,22.8,7.7,4.4,16.1,26.7,103.2
1980-81 Cleveland Cavaliers,241.2,43.4,92.8,0.467,0.9,3.0,0.289,42.5,89.8,0.473,18.1,23.3,0.778,15.3,27.4,42.7,24.5,7.7,3.9,17.0,24.3,105.7
1979-80 Cleveland Cavaliers,243.0,46.5,98.1,0.474,0.4,2.3,0.193,46.0,95.8,0.481,20.8,26.9,0.772,15.9,29.0,45.0,25.7,9.3,4.2,16.7,23.6,114.1
2023-24 Dallas Mavericks,240.3,43.1,89.7,0.481,14.6,39.5,0.369,28.5,50.1,0.569,17.0,22.5,0.758,9.7,33.2,42.9,25.7,6.9,5.0,12.5,18.3,117.9
2022-23 Dallas Mavericks,243.0,40.0,84.3,0.475,15.2,41.0,0.371,24.8,43.3,0.574,19.0,25.1,0.755,7.6,31.2,38.8,22.9,6.3,3.7,12.2,20.7,114.2
2021-22 Dallas Mavericks,240.9,39.3,85.1,0.461,13.1,37.4,0.35,26.2,47.8,0.548,16.4,21.2,0.771,9.3,33.8,43.0,23.4,6.7,4.0,12.5,19.7,108.0
2020-21 Dallas Mavericks,240.3,41.1,87.3,0.47,13.8,38.1,0.362,27.3,49.2,0.554,16.5,21.2,0.778,9.1,34.2,43.3,22.9,6.3,4.3,12.1,19.4,112.4
2019-20 Dallas Mavericks,242.3,41.7,90.3,0.461,15.1,41.3,0.367,26.5,49.0,0.541,18.6,23.8,0.779,10.5,36.4,46.9,24.7,6.1,4.8,12.7,19.5,117.0
2018-19 Dallas Mavericks,241.2,38.8,86.9,0.447,12.5,36.6,0.34,26.3,50.2,0.524,18.8,25.3,0.742,10.1,35.2,45.3,23.4,6.5,4.3,14.2,20.1,108.9
2017-18 Dallas Mavericks,241.5,38.1,85.9,0.444,11.8,32.8,0.36,26.4,53.1,0.496,14.2,18.7,0.763,8.1,33.1,41.3,22.7,7.0,3.8,12.3,19.2,102.3
2016-17 Dallas Mavericks,241.2,36.2,82.3,0.44,10.7,30.2,0.355,25.5,52.2,0.489,14.8,18.5,0.801,7.9,30.7,38.6,20.8,7.5,3.7,11.9,19.1,97.9
2015-16 Dallas Mavericks,244.0,37.4,84.1,0.444,9.8,28.6,0.344,27.5,55.6,0.495,17.7,22.3,0.794,9.2,33.9,43.1,22.1,6.8,3.7,12.8,19.5,102.3
2014-15 Dallas Mavericks,242.4,39.7,85.8,0.463,8.9,25.4,0.352,30.8,60.4,0.509,16.9,22.5,0.752,10.5,31.8,42.3,22.5,8.1,4.5,13.0,20.0,105.2
2013-14 Dallas Mavericks,241.8,39.6,83.6,0.474,8.8,22.9,0.384,30.8,60.7,0.508,16.8,21.1,0.795,10.2,30.7,40.9,23.6,8.6,4.3,13.5,20.0,104.8
2012-13 Dallas Mavericks,243.7,38.8,84.0,0.462,7.4,19.9,0.372,31.4,64.2,0.489,16.1,20.4,0.793,9.4,32.6,41.9,23.2,7.9,5.5,14.0,20.7,101.1
2011-12 Dallas Mavericks,243.4,36.3,82.0,0.443,7.5,22.2,0.339,28.8,59.8,0.482,15.6,20.2,0.771,10.1,32.7,42.8,20.9,8.6,5.1,14.0,18.6,95.8
2010-11 Dallas Mavericks,240.3,37.4,78.8,0.475,7.9,21.6,0.365,29.6,57.3,0.516,17.5,22.6,0.777,9.5,31.9,41.4,23.8,6.8,4.3,14.0,19.2,100.2
2009-10 Dallas Mavericks,242.4,38.3,82.4,0.464,6.8,18.3,0.372,31.5,64.2,0.491,18.6,22.8,0.816,10.2,31.5,41.7,23.4,7.6,5.5,12.9,19.1,102.0
2008-09 Dallas Mavericks,241.5,38.1,82.6,0.462,7.0,19.9,0.35,31.2,62.7,0.498,18.5,22.6,0.819,11.1,31.6,42.7,21.7,7.2,5.2,12.7,19.5,101.7
2007-08 Dallas Mavericks,240.6,36.9,79.5,0.464,6.0,17.1,0.352,30.9,62.3,0.495,20.6,25.3,0.814,10.8,32.2,43.0,21.0,6.0,4.9,12.6,21.8,100.4
2006-07 Dallas Mavericks,240.9,36.7,78.6,0.467,6.5,17.1,0.381,30.2,61.4,0.491,20.1,24.9,0.805,11.2,30.7,41.9,19.9,6.8,5.0,13.9,22.4,100.0
2005-06 Dallas Mavericks,242.4,36.0,77.7,0.462,5.1,13.6,0.374,30.9,64.2,0.481,22.2,28.3,0.783,12.6,29.6,42.2,18.0,7.2,6.0,13.6,22.4,99.1
2004-05 Dallas Mavericks,240.6,37.3,81.6,0.457,5.6,15.5,0.364,31.6,66.1,0.479,22.3,28.2,0.789,12.1,30.9,42.9,19.6,8.6,5.6,13.4,22.3,102.5
2003-04 Dallas Mavericks,241.5,40.5,88.2,0.459,6.2,17.8,0.348,34.3,70.4,0.488,18.0,22.6,0.796,14.3,31.0,45.3,23.9,8.0,5.3,12.2,19.6,105.2
2002-03 Dallas Mavericks,241.2,38.5,85.1,0.453,7.8,20.3,0.381,30.8,64.8,0.475,18.1,21.9,0.829,11.1,31.0,42.1,22.4,8.1,5.5,11.6,21.1,103.0
2001-02 Dallas Mavericks,242.4,39.0,84.5,0.462,7.6,20.1,0.378,31.5,64.5,0.488,19.6,24.3,0.806,11.2,31.3,42.5,22.1,7.1,4.8,12.1,22.5,105.2
2000-01 Dallas Mavericks,241.5,37.6,81.9,0.459,6.3,16.5,0.381,31.3,65.4,0.479,18.9,23.8,0.794,10.1,31.4,41.5,21.2,7.5,6.0,13.9,23.3,100.5
1999-00 Dallas Mavericks,240.6,39.0,85.9,0.453,6.3,16.2,0.391,32.6,69.8,0.468,17.2,21.4,0.804,11.4,29.8,41.2,22.1,7.2,5.1,13.7,21.6,101.4
1998-99 Dallas Mavericks,241.5,35.0,80.7,0.434,4.0,11.9,0.339,30.9,68.8,0.45,17.6,24.2,0.728,12.9,29.6,42.5,18.4,7.0,5.8,13.8,21.3,91.6
1997-98 Dallas Mavericks,242.7,35.1,82.4,0.427,5.1,14.4,0.357,30.0,67.9,0.442,16.0,21.2,0.753,12.3,27.8,40.1,18.7,7.9,5.7,14.4,20.0,91.4
1996-97 Dallas Mavericks,241.5,34.3,78.7,0.436,5.2,16.0,0.327,29.1,62.6,0.464,16.8,23.4,0.717,12.7,27.6,40.3,20.3,8.0,4.3,16.1,21.9,90.6
1995-96 Dallas Mavericks,243.0,38.1,90.6,0.42,9.0,24.9,0.36,29.1,65.8,0.443,17.4,24.1,0.722,17.2,29.0,46.2,23.3,7.8,4.2,15.5,22.4,102.5
1994-95 Dallas Mavericks,243.0,39.4,89.5,0.44,4.7,14.6,0.322,34.6,74.9,0.463,19.8,27.0,0.734,18.5,29.7,48.1,23.7,7.1,4.2,16.4,22.1,103.2
1993-94 Dallas Mavericks,240.6,37.3,86.2,0.432,2.9,9.4,0.312,34.3,76.8,0.447,17.7,23.7,0.747,15.5,26.2,41.7,19.9,9.4,3.6,17.0,24.5,95.1
1992-93 Dallas Mavericks,240.6,38.6,88.7,0.435,3.5,10.2,0.338,35.1,78.5,0.448,18.7,26.5,0.705,15.0,27.6,42.7,20.5,7.9,4.3,17.8,28.1,99.3
1991-92 Dallas Mavericks,240.9,38.0,86.6,0.439,3.3,9.7,0.336,34.8,76.9,0.452,18.3,24.4,0.75,14.6,29.7,44.3,19.9,6.5,4.3,14.7,22.8,97.6
1990-91 Dallas Mavericks,241.5,39.6,84.0,0.471,2.4,7.3,0.322,37.2,76.7,0.485,18.4,24.2,0.761,12.0,28.8,40.8,22.2,7.1,4.8,14.5,22.4,99.9
1989-90 Dallas Mavericks,242.1,39.6,83.3,0.475,1.9,5.9,0.323,37.7,77.4,0.487,21.2,27.6,0.767,12.7,29.5,42.2,21.7,8.1,4.9,15.0,21.1,102.2
1988-89 Dallas Mavericks,241.2,39.6,84.4,0.469,2.6,8.3,0.31,37.0,76.0,0.486,21.8,27.6,0.789,12.8,29.2,42.0,22.8,7.1,5.8,15.0,21.2,103.5
1987-88 Dallas Mavericks,240.9,41.6,87.7,0.475,1.9,6.4,0.293,39.7,81.3,0.489,24.1,30.6,0.789,16.4,30.4,46.8,24.2,7.9,5.4,15.3,21.1,109.3
1986-87 Dallas Mavericks,242.4,43.8,89.9,0.487,2.8,8.0,0.354,41.0,82.0,0.5,26.2,33.1,0.791,14.9,30.4,45.3,24.6,8.4,5.2,14.7,22.8,116.7
1985-86 Dallas Mavericks,241.5,44.3,88.5,0.501,1.7,5.4,0.316,42.6,83.0,0.513,25.0,32.2,0.776,12.9,29.9,42.8,25.7,7.4,4.5,15.7,21.1,115.3
1984-85 Dallas Mavericks,242.1,43.4,88.8,0.489,1.9,5.4,0.343,41.6,83.4,0.498,22.5,28.3,0.793,13.4,28.6,42.0,26.2,7.0,4.1,14.4,21.9,111.2
1983-84 Dallas Mavericks,243.4,44.1,88.2,0.5,0.5,2.2,0.228,43.6,86.0,0.507,21.6,28.7,0.755,13.3,27.6,40.9,26.4,7.1,4.4,15.9,23.2,110.4
1982-83 Dallas Mavericks,240.6,44.8,92.1,0.487,0.5,2.3,0.232,44.3,89.8,0.493,22.6,30.0,0.752,15.8,29.0,44.8,27.2,6.7,4.2,16.4,25.2,112.7
1981-82 Dallas Mavericks,240.6,41.3,88.1,0.469,0.7,2.3,0.289,40.7,85.8,0.474,21.2,28.9,0.735,14.8,27.2,42.0,25.8,6.9,3.8,16.1,26.7,104.6
1980-81 Dallas Mavericks,241.2,39.1,84.5,0.462,0.6,2.0,0.279,38.5,82.5,0.467,22.8,30.3,0.751,13.5,26.5,40.1,24.2,6.8,2.6,17.5,24.5,101.5
2023-24 Dallas Mavericks,240.3,43.1,89.7,0.481,14.6,39.5,0.369,28.5,50.1,0.569,17.0,22.5,0.758,9.7,33.2,42.9,25.7,6.9,5.0,12.5,18.3,117.9
2022-23 Dallas Mavericks,243.0,40.0,84.3,0.475,15.2,41.0,0.371,24.8,43.3,0.574,19.0,25.1,0.755,7.6,31.2,38.8,22.9,6.3,3.7,12.2,20.7,114.2
2021-22 Dallas Mavericks,240.9,39.3,85.1,0.461,13.1,37.4,0.35,26.2,47.8,0.548,16.4,21.2,0.771,9.3,33.8,43.0,23.4,6.7,4.0,12.5,19.7,108.0
2020-21 Dallas Mavericks,240.3,41.1,87.3,0.47,13.8,38.1,0.362,27.3,49.2,0.554,16.5,21.2,0.778,9.1,34.2,43.3,22.9,6.3,4.3,12.1,19.4,112.4
2019-20 Dallas Mavericks,242.3,41.7,90.3,0.461,15.1,41.3,0.367,26.5,49.0,0.541,18.6,23.8,0.779,10.5,36.4,46.9,24.7,6.1,4.8,12.7,19.5,117.0
2018-19 Dallas Mavericks,241.2,38.8,86.9,0.447,12.5,36.6,0.34,26.3,50.2,0.524,18.8,25.3,0.742,10.1,35.2,45.3,23.4,6.5,4.3,14.2,20.1,108.9
2017-18 Dallas Mavericks,241.5,38.1,85.9,0.444,11.8,32.8,0.36,26.4,53.1,0.496,14.2,18.7,0.763,8.1,33.1,41.3,22.7,7.0,3.8,12.3,19.2,102.3
2016-17 Dallas Mavericks,241.2,36.2,82.3,0.44,10.7,30.2,0.355,25.5,52.2,0.489,14.8,18.5,0.801,7.9,30.7,38.6,20.8,7.5,3.7,11.9,19.1,97.9
2015-16 Dallas Mavericks,244.0,37.4,84.1,0.444,9.8,28.6,0.344,27.5,55.6,0.495,17.7,22.3,0.794,9.2,33.9,43.1,22.1,6.8,3.7,12.8,19.5,102.3
2014-15 Dallas Mavericks,242.4,39.7,85.8,0.463,8.9,25.4,0.352,30.8,60.4,0.509,16.9,22.5,0.752,10.5,31.8,42.3,22.5,8.1,4.5,13.0,20.0,105.2
2013-14 Dallas Mavericks,241.8,39.6,83.6,0.474,8.8,22.9,0.384,30.8,60.7,0.508,16.8,21.1,0.795,10.2,30.7,40.9,23.6,8.6,4.3,13.5,20.0,104.8
2012-13 Dallas Mavericks,243.7,38.8,84.0,0.462,7.4,19.9,0.372,31.4,64.2,0.489,16.1,20.4,0.793,9.4,32.6,41.9,23.2,7.9,5.5,14.0,20.7,101.1
2011-12 Dallas Mavericks,243.4,36.3,82.0,0.443,7.5,22.2,0.339,28.8,59.8,0.482,15.6,20.2,0.771,10.1,32.7,42.8,20.9,8.6,5.1,14.0,18.6,95.8
2010-11 Dallas Mavericks,240.3,37.4,78.8,0.475,7.9,21.6,0.365,29.6,57.3,0.516,17.5,22.6,0.777,9.5,31.9,41.4,23.8,6.8,4.3,14.0,19.2,100.2
2009-10 Dallas Mavericks,242.4,38.3,82.4,0.464,6.8,18.3,0.372,31.5,64.2,0.491,18.6,22.8,0.816,10.2,31.5,41.7,23.4,7.6,5.5,12.9,19.1,102.0
2008-09 Dallas Mavericks,241.5,38.1,82.6,0.462,7.0,19.9,0.35,31.2,62.7,0.498,18.5,22.6,0.819,11.1,31.6,42.7,21.7,7.2,5.2,12.7,19.5,101.7
2007-08 Dallas Mavericks,240.6,36.9,79.5,0.464,6.0,17.1,0.352,30.9,62.3,0.495,20.6,25.3,0.814,10.8,32.2,43.0,21.0,6.0,4.9,12.6,21.8,100.4
2006-07 Dallas Mavericks,240.9,36.7,78.6,0.467,6.5,17.1,0.381,30.2,61.4,0.491,20.1,24.9,0.805,11.2,30.7,41.9,19.9,6.8,5.0,13.9,22.4,100.0
2005-06 Dallas Mavericks,242.4,36.0,77.7,0.462,5.1,13.6,0.374,30.9,64.2,0.481,22.2,28.3,0.783,12.6,29.6,42.2,18.0,7.2,6.0,13.6,22.4,99.1
2004-05 Dallas Mavericks,240.6,37.3,81.6,0.457,5.6,15.5,0.364,31.6,66.1,0.479,22.3,28.2,0.789,12.1,30.9,42.9,19.6,8.6,5.6,13.4,22.3,102.5
2003-04 Dallas Mavericks,241.5,40.5,88.2,0.459,6.2,17.8,0.348,34.3,70.4,0.488,18.0,22.6,0.796,14.3,31.0,45.3,23.9,8.0,5.3,12.2,19.6,105.2
2002-03 Dallas Mavericks,241.2,38.5,85.1,0.453,7.8,20.3,0.381,30.8,64.8,0.475,18.1,21.9,0.829,11.1,31.0,42.1,22.4,8.1,5.5,11.6,21.1,103.0
2001-02 Dallas Mavericks,242.4,39.0,84.5,0.462,7.6,20.1,0.378,31.5,64.5,0.488,19.6,24.3,0.806,11.2,31.3,42.5,22.1,7.1,4.8,12.1,22.5,105.2
2000-01 Dallas Mavericks,241.5,37.6,81.9,0.459,6.3,16.5,0.381,31.3,65.4,0.479,18.9,23.8,0.794,10.1,31.4,41.5,21.2,7.5,6.0,13.9,23.3,100.5
1999-00 Dallas Mavericks,240.6,39.0,85.9,0.453,6.3,16.2,0.391,32.6,69.8,0.468,17.2,21.4,0.804,11.4,29.8,41.2,22.1,7.2,5.1,13.7,21.6,101.4
1998-99 Dallas Mavericks,241.5,35.0,80.7,0.434,4.0,11.9,0.339,30.9,68.8,0.45,17.6,24.2,0.728,12.9,29.6,42.5,18.4,7.0,5.8,13.8,21.3,91.6
1997-98 Dallas Mavericks,242.7,35.1,82.4,0.427,5.1,14.4,0.357,30.0,67.9,0.442,16.0,21.2,0.753,12.3,27.8,40.1,18.7,7.9,5.7,14.4,20.0,91.4
1996-97 Dallas Mavericks,241.5,34.3,78.7,0.436,5.2,16.0,0.327,29.1,62.6,0.464,16.8,23.4,0.717,12.7,27.6,40.3,20.3,8.0,4.3,16.1,21.9,90.6
1995-96 Dallas Mavericks,243.0,38.1,90.6,0.42,9.0,24.9,0.36,29.1,65.8,0.443,17.4,24.1,0.722,17.2,29.0,46.2,23.3,7.8,4.2,15.5,22.4,102.5
1994-95 Dallas Mavericks,243.0,39.4,89.5,0.44,4.7,14.6,0.322,34.6,74.9,0.463,19.8,27.0,0.734,18.5,29.7,48.1,23.7,7.1,4.2,16.4,22.1,103.2
1993-94 Dallas Mavericks,240.6,37.3,86.2,0.432,2.9,9.4,0.312,34.3,76.8,0.447,17.7,23.7,0.747,15.5,26.2,41.7,19.9,9.4,3.6,17.0,24.5,95.1
1992-93 Dallas Mavericks,240.6,38.6,88.7,0.435,3.5,10.2,0.338,35.1,78.5,0.448,18.7,26.5,0.705,15.0,27.6,42.7,20.5,7.9,4.3,17.8,28.1,99.3
1991-92 Dallas Mavericks,240.9,38.0,86.6,0.439,3.3,9.7,0.336,34.8,76.9,0.452,18.3,24.4,0.75,14.6,29.7,44.3,19.9,6.5,4.3,14.7,22.8,97.6
1990-91 Dallas Mavericks,241.5,39.6,84.0,0.471,2.4,7.3,0.322,37.2,76.7,0.485,18.4,24.2,0.761,12.0,28.8,40.8,22.2,7.1,4.8,14.5,22.4,99.9
1989-90 Dallas Mavericks,242.1,39.6,83.3,0.475,1.9,5.9,0.323,37.7,77.4,0.487,21.2,27.6,0.767,12.7,29.5,42.2,21.7,8.1,4.9,15.0,21.1,102.2
1988-89 Dallas Mavericks,241.2,39.6,84.4,0.469,2.6,8.3,0.31,37.0,76.0,0.486,21.8,27.6,0.789,12.8,29.2,42.0,22.8,7.1,5.8,15.0,21.2,103.5
1987-88 Dallas Mavericks,240.9,41.6,87.7,0.475,1.9,6.4,0.293,39.7,81.3,0.489,24.1,30.6,0.789,16.4,30.4,46.8,24.2,7.9,5.4,15.3,21.1,109.3
1986-87 Dallas Mavericks,242.4,43.8,89.9,0.487,2.8,8.0,0.354,41.0,82.0,0.5,26.2,33.1,0.791,14.9,30.4,45.3,24.6,8.4,5.2,14.7,22.8,116.7
1985-86 Dallas Mavericks,241.5,44.3,88.5,0.501,1.7,5.4,0.316,42.6,83.0,0.513,25.0,32.2,0.776,12.9,29.9,42.8,25.7,7.4,4.5,15.7,21.1,115.3
1984-85 Dallas Mavericks,242.1,43.4,88.8,0.489,1.9,5.4,0.343,41.6,83.4,0.498,22.5,28.3,0.793,13.4,28.6,42.0,26.2,7.0,4.1,14.4,21.9,111.2
1983-84 Dallas Mavericks,243.4,44.1,88.2,0.5,0.5,2.2,0.228,43.6,86.0,0.507,21.6,28.7,0.755,13.3,27.6,40.9,26.4,7.1,4.4,15.9,23.2,110.4
1982-83 Dallas Mavericks,240.6,44.8,92.1,0.487,0.5,2.3,0.232,44.3,89.8,0.493,22.6,30.0,0.752,15.8,29.0,44.8,27.2,6.7,4.2,16.4,25.2,112.7
1981-82 Dallas Mavericks,240.6,41.3,88.1,0.469,0.7,2.3,0.289,40.7,85.8,0.474,21.2,28.9,0.735,14.8,27.2,42.0,25.8,6.9,3.8,16.1,26.7,104.6
1980-81 Dallas Mavericks,241.2,39.1,84.5,0.462,0.6,2.0,0.279,38.5,82.5,0.467,22.8,30.3,0.751,13.5,26.5,40.1,24.2,6.8,2.6,17.5,24.5,101.5
2023-24 Denver Nuggets,240.3,44.0,88.8,0.496,11.7,31.2,0.374,32.3,57.5,0.562,15.1,19.9,0.762,10.7,33.7,44.4,29.5,7.1,5.6,12.6,18.2,114.9
2022-23 Denver Nuggets,240.9,43.6,86.4,0.504,11.8,31.2,0.379,31.8,55.2,0.575,16.8,22.4,0.751,10.1,32.9,43.0,28.9,7.5,4.5,14.5,18.6,115.8
2021-22 Denver Nuggets,241.5,41.7,86.3,0.483,12.7,35.9,0.353,29.0,50.4,0.575,16.7,21.0,0.795,9.2,34.9,44.1,27.8,7.2,3.7,14.5,20.0,112.7
2020-21 Denver Nuggets,242.8,43.3,89.2,0.485,12.9,34.2,0.377,30.4,55.0,0.552,15.7,19.5,0.803,10.5,33.9,44.4,26.8,8.1,4.5,13.5,19.1,115.1
2019-20 Denver Nuggets,243.1,42.0,88.9,0.473,11.0,30.6,0.359,31.1,58.3,0.533,16.2,20.9,0.777,10.8,33.4,44.1,26.7,8.0,4.6,13.8,20.3,111.3
2018-19 Denver Nuggets,240.6,41.9,90.0,0.466,11.0,31.4,0.351,30.9,58.7,0.527,15.8,20.9,0.755,11.9,34.5,46.4,27.4,7.7,4.4,13.4,20.0,110.7
2017-18 Denver Nuggets,242.4,40.7,86.6,0.47,11.5,30.9,0.371,29.2,55.7,0.525,17.1,22.3,0.767,11.0,33.5,44.5,25.1,7.6,4.9,15.0,18.7,110.0
2016-17 Denver Nuggets,240.9,41.2,87.7,0.469,10.6,28.8,0.368,30.6,58.9,0.519,18.7,24.2,0.774,11.8,34.6,46.4,25.3,6.9,3.9,15.0,19.1,111.7
2015-16 Denver Nuggets,241.8,37.7,85.4,0.442,8.0,23.7,0.338,29.7,61.7,0.482,18.5,24.1,0.766,11.5,33.1,44.6,22.7,7.4,4.8,14.7,21.0,101.9
2014-15 Denver Nuggets,242.4,37.8,87.3,0.433,8.0,24.8,0.325,29.7,62.5,0.476,17.8,24.3,0.734,12.3,32.4,44.7,21.8,7.8,4.5,14.2,23.0,101.5
2013-14 Denver Nuggets,240.9,38.4,85.9,0.447,8.6,23.9,0.358,29.8,62.0,0.481,19.1,26.3,0.726,12.3,33.1,45.4,22.4,7.5,5.6,15.9,23.0,104.4
2012-13 Denver Nuggets,242.7,40.7,85.2,0.478,6.4,18.5,0.343,34.4,66.6,0.516,18.4,26.2,0.701,13.3,31.7,45.0,24.4,9.3,6.5,15.3,20.5,106.1
2011-12 Denver Nuggets,243.0,39.0,81.9,0.476,6.6,19.9,0.332,32.4,62.0,0.522,19.6,26.7,0.735,11.2,31.9,43.1,24.0,8.2,5.0,15.4,19.7,104.1
2010-11 Denver Nuggets,240.3,38.4,80.6,0.476,8.1,20.8,0.388,30.3,59.9,0.506,22.7,29.6,0.765,9.6,32.3,42.0,22.1,7.4,4.3,14.1,21.0,107.5
2009-10 Denver Nuggets,241.2,38.1,81.4,0.468,6.6,18.5,0.359,31.5,62.9,0.5,23.6,30.6,0.772,10.8,30.5,41.4,21.0,8.3,5.1,13.9,22.5,106.5
2008-09 Denver Nuggets,240.6,37.3,79.4,0.47,6.7,18.0,0.371,30.6,61.4,0.499,23.1,30.3,0.76,11.0,30.6,41.6,22.2,8.7,6.0,15.3,22.9,104.3
2007-08 Denver Nuggets,242.1,40.3,85.8,0.47,6.9,19.6,0.355,33.4,66.3,0.504,23.1,30.7,0.751,11.2,32.9,44.1,24.7,9.2,6.7,14.7,21.1,110.7
2006-07 Denver Nuggets,241.2,38.6,83.0,0.465,5.9,17.6,0.336,32.7,65.4,0.5,22.3,29.9,0.746,12.2,31.2,43.4,23.4,8.3,5.3,16.5,21.4,105.4
2005-06 Denver Nuggets,243.0,37.5,81.4,0.461,4.3,13.1,0.325,33.3,68.2,0.487,21.0,28.2,0.744,11.0,30.3,41.3,23.4,8.5,5.6,14.8,22.7,100.3
2004-05 Denver Nuggets,240.9,37.0,80.7,0.459,3.9,11.5,0.34,33.1,69.2,0.479,21.5,28.2,0.763,11.8,30.2,42.0,23.9,9.1,6.0,14.9,22.9,99.5
2003-04 Denver Nuggets,240.6,36.5,82.5,0.443,4.0,12.0,0.336,32.5,70.5,0.461,20.2,26.3,0.767,13.2,29.1,42.3,21.9,9.1,6.3,15.6,22.0,97.2
2002-03 Denver Nuggets,240.6,32.8,79.8,0.411,2.8,10.0,0.278,30.0,69.8,0.43,15.8,22.6,0.699,13.6,28.8,42.4,21.2,8.7,5.1,18.5,25.1,84.2
2001-02 Denver Nuggets,241.5,35.5,83.8,0.424,5.2,15.7,0.329,30.4,68.1,0.446,15.9,21.4,0.744,13.6,28.2,41.8,22.2,7.5,5.6,14.7,22.8,92.2
2000-01 Denver Nuggets,241.2,36.3,83.9,0.433,6.2,17.6,0.355,30.1,66.3,0.454,17.7,24.0,0.737,12.7,31.5,44.2,24.0,6.7,6.6,13.9,22.2,96.6
1999-00 Denver Nuggets,242.1,37.3,84.3,0.442,5.7,17.0,0.336,31.5,67.2,0.469,18.7,25.8,0.724,13.1,31.6,44.7,23.3,6.8,7.5,15.6,23.9,99.0
1998-99 Denver Nuggets,240.5,33.6,79.8,0.421,6.0,18.4,0.328,27.6,61.3,0.45,20.2,26.5,0.762,12.9,27.8,40.8,19.4,7.5,5.5,14.8,22.9,93.5
1997-98 Denver Nuggets,240.6,32.6,78.2,0.417,3.5,10.9,0.323,29.1,67.3,0.433,20.2,26.2,0.772,12.7,26.3,39.0,18.9,8.1,4.8,16.0,23.6,89.0
1996-97 Denver Nuggets,243.0,35.8,81.5,0.439,7.8,20.9,0.372,28.0,60.7,0.462,18.5,24.3,0.761,12.1,29.9,42.0,23.0,6.1,5.9,16.6,21.8,97.8
1995-96 Denver Nuggets,241.8,36.6,81.2,0.451,4.8,14.0,0.346,31.8,67.2,0.473,19.7,26.5,0.743,12.9,30.3,43.2,22.6,6.4,7.3,15.4,23.0,97.7
1994-95 Denver Nuggets,243.7,37.8,78.8,0.479,5.0,14.1,0.356,32.7,64.6,0.507,20.7,28.1,0.738,12.7,29.3,42.0,22.4,8.0,7.1,16.8,25.2,101.3
1993-94 Denver Nuggets,240.9,38.5,82.7,0.465,2.1,7.3,0.285,36.4,75.4,0.483,21.2,29.5,0.718,13.5,31.2,44.7,21.5,8.3,8.4,17.3,23.5,100.3
1992-93 Denver Nuggets,241.8,40.9,88.8,0.46,1.7,5.5,0.304,39.2,83.3,0.471,21.8,28.8,0.756,15.4,31.3,46.7,21.2,7.9,6.9,17.2,24.9,105.2
1991-92 Denver Nuggets,241.2,39.8,90.0,0.442,1.5,5.1,0.301,38.2,84.9,0.45,18.6,25.2,0.738,16.5,28.7,45.1,18.9,9.4,5.6,17.6,24.2,99.7
1990-91 Denver Nuggets,240.6,47.6,108.1,0.44,3.7,12.9,0.283,43.9,95.2,0.461,21.0,27.6,0.763,18.5,30.9,49.4,24.5,10.4,5.0,16.2,27.3,119.9
1989-90 Denver Nuggets,241.5,45.3,97.7,0.464,2.8,8.3,0.337,42.5,89.5,0.475,21.2,26.8,0.789,14.3,30.9,45.1,27.7,9.9,4.0,13.9,25.0,114.6
1988-89 Denver Nuggets,242.4,46.5,99.3,0.468,2.8,8.2,0.337,43.7,91.0,0.48,22.2,28.2,0.787,14.7,30.6,45.4,27.8,9.9,5.3,14.9,25.5,118.0
1987-88 Denver Nuggets,241.2,46.0,97.1,0.474,2.3,6.9,0.342,43.6,90.2,0.484,22.5,27.9,0.804,14.2,29.8,44.0,28.0,10.1,4.9,14.5,24.2,116.7
1986-87 Denver Nuggets,241.2,45.7,97.0,0.471,1.3,4.8,0.271,44.4,92.2,0.481,24.1,31.3,0.769,15.8,28.9,44.7,28.3,9.2,5.1,14.8,26.6,116.7
1985-86 Denver Nuggets,240.9,45.2,96.0,0.471,0.9,3.7,0.233,44.3,92.2,0.48,23.5,29.5,0.798,14.9,28.3,43.2,26.1,10.1,5.1,16.3,26.4,114.8
1984-85 Denver Nuggets,241.8,47.3,97.3,0.486,0.9,2.9,0.311,46.4,94.4,0.491,24.6,31.3,0.785,16.2,28.1,44.3,27.6,10.9,5.2,16.9,26.2,120.0
1983-84 Denver Nuggets,241.5,48.0,97.4,0.493,0.9,3.1,0.302,47.0,94.2,0.499,26.8,32.8,0.818,13.8,29.8,43.6,30.3,8.7,4.3,16.4,27.8,123.7
1982-83 Denver Nuggets,240.6,48.2,97.5,0.494,0.3,1.5,0.19,47.9,96.0,0.499,26.6,32.9,0.808,14.8,30.8,45.6,28.5,9.6,4.3,18.2,25.5,123.2
1981-82 Denver Nuggets,241.8,48.5,93.4,0.52,0.5,1.8,0.268,48.0,91.5,0.525,28.9,36.3,0.796,14.0,29.8,43.8,27.7,8.1,4.5,17.9,26.0,126.5
1980-81 Denver Nuggets,243.4,46.1,97.1,0.475,0.4,1.8,0.207,45.8,95.3,0.48,29.1,37.2,0.783,16.2,30.5,46.6,24.8,8.8,4.6,17.6,25.7,121.8
1979-80 Denver Nuggets,241.8,42.2,91.1,0.463,1.0,3.1,0.325,41.2,88.0,0.468,22.8,31.0,0.737,16.0,30.8,46.8,25.4,9.1,4.9,18.7,23.4,108.3
2023-24 Detroit Pistons,240.9,40.9,88.2,0.463,11.0,31.7,0.348,29.8,56.5,0.528,17.0,21.7,0.785,10.5,32.8,43.3,25.5,6.5,4.7,15.2,20.6,109.9
2022-23 Detroit Pistons,241.5,39.6,87.1,0.454,11.4,32.4,0.351,28.2,54.6,0.516,19.8,25.7,0.771,11.2,31.3,42.4,23.0,7.0,3.8,15.1,22.1,110.3
2021-22 Detroit Pistons,241.2,38.2,88.6,0.431,11.3,34.6,0.326,26.9,54.0,0.498,17.2,22.0,0.782,11.0,32.0,43.0,23.5,7.7,4.8,14.2,21.9,104.8
2020-21 Detroit Pistons,242.1,38.7,85.6,0.452,11.6,32.9,0.351,27.1,52.7,0.515,17.8,23.4,0.759,9.6,33.1,42.7,24.2,7.4,5.2,14.9,20.5,106.6
2019-20 Detroit Pistons,241.9,39.3,85.7,0.459,12.0,32.7,0.367,27.3,53.0,0.515,16.6,22.4,0.743,9.8,32.0,41.7,24.1,7.4,4.5,15.3,19.7,107.2
2018-19 Detroit Pistons,242.1,38.8,88.3,0.44,12.1,34.8,0.348,26.7,53.5,0.5,17.3,23.1,0.747,11.4,33.6,45.0,22.5,6.9,4.0,13.8,22.1,107.0
2017-18 Detroit Pistons,241.5,39.1,86.9,0.45,10.8,28.9,0.373,28.3,58.0,0.488,14.7,19.8,0.745,10.1,33.6,43.7,22.8,7.7,3.9,13.4,18.4,103.8
2016-17 Detroit Pistons,241.5,39.9,88.8,0.449,7.7,23.4,0.33,32.2,65.5,0.492,13.9,19.3,0.719,11.1,34.6,45.7,21.1,7.0,3.8,11.9,17.9,101.3
2015-16 Detroit Pistons,242.4,37.9,86.4,0.439,9.0,26.2,0.345,28.9,60.2,0.48,17.1,25.5,0.668,12.5,33.9,46.3,19.4,7.0,3.7,13.5,19.0,102.0
2014-15 Detroit Pistons,241.8,37.1,85.8,0.432,8.6,24.9,0.344,28.5,60.9,0.468,15.8,22.4,0.703,12.8,32.1,44.9,21.6,7.6,4.7,13.4,19.0,98.5
2013-14 Detroit Pistons,241.2,38.8,86.9,0.447,6.2,19.3,0.321,32.6,67.6,0.483,17.3,25.7,0.67,14.6,30.8,45.4,20.9,8.4,4.8,14.5,20.3,101.0
2012-13 Detroit Pistons,241.5,36.3,81.0,0.449,6.3,17.6,0.356,30.1,63.4,0.474,15.9,22.8,0.699,12.1,30.0,42.1,21.2,7.0,4.9,15.1,19.8,94.9
2011-12 Detroit Pistons,241.9,34.7,79.3,0.438,4.8,13.9,0.346,29.9,65.4,0.457,16.6,22.1,0.752,11.7,28.5,40.3,18.7,7.0,4.2,15.7,19.6,90.9
2010-11 Detroit Pistons,242.4,37.3,81.1,0.46,5.8,15.3,0.376,31.5,65.7,0.479,16.7,22.6,0.737,11.4,27.3,38.6,21.1,7.3,4.0,13.0,19.9,97.0
2009-10 Detroit Pistons,241.2,35.9,80.5,0.445,4.6,14.5,0.314,31.3,66.0,0.474,17.7,24.4,0.728,12.8,27.3,40.2,19.4,7.3,3.8,13.4,22.2,94.0
2008-09 Detroit Pistons,242.7,36.4,80.0,0.454,4.6,13.2,0.349,31.8,66.8,0.475,16.9,22.5,0.751,11.6,29.9,41.4,20.6,6.0,4.6,11.9,20.9,94.2
2007-08 Detroit Pistons,240.6,36.6,79.9,0.458,5.9,16.2,0.366,30.6,63.7,0.481,18.4,24.0,0.767,11.9,29.5,41.4,22.3,7.1,5.8,11.7,20.6,97.5
2006-07 Detroit Pistons,242.4,35.9,79.1,0.454,5.5,15.9,0.344,30.4,63.2,0.481,18.8,24.2,0.774,11.6,29.0,40.5,21.6,7.1,5.8,12.2,20.4,96.0
2005-06 Detroit Pistons,241.8,36.4,80.0,0.455,6.8,17.7,0.384,29.6,62.3,0.475,17.3,23.8,0.727,11.9,28.6,40.5,24.0,7.1,6.0,11.4,18.5,96.8
2004-05 Detroit Pistons,243.4,34.8,78.3,0.444,4.4,12.8,0.345,30.3,65.5,0.463,19.4,26.2,0.739,12.9,30.6,43.4,21.8,7.0,6.1,13.8,20.0,93.3
2003-04 Detroit Pistons,241.2,33.5,77.0,0.435,4.1,11.8,0.344,29.4,65.2,0.452,19.0,25.3,0.753,12.4,30.4,42.8,20.8,8.0,7.0,15.1,20.3,90.1
2002-03 Detroit Pistons,242.7,32.9,76.5,0.43,6.5,18.1,0.358,26.4,58.4,0.452,19.0,24.6,0.771,10.8,29.8,40.6,19.8,6.8,5.7,13.5,21.3,91.4
2001-02 Detroit Pistons,240.0,34.7,76.8,0.452,6.9,18.4,0.376,27.8,58.4,0.475,18.0,23.8,0.756,9.9,28.9,38.7,21.5,7.9,6.9,14.5,20.7,94.3
2000-01 Detroit Pistons,242.1,35.6,83.9,0.424,4.7,13.6,0.35,30.9,70.3,0.439,19.6,27.2,0.721,13.5,32.0,45.5,19.9,7.5,5.5,15.9,23.8,95.6
1999-00 Detroit Pistons,241.8,37.1,80.9,0.459,5.4,14.9,0.359,31.8,66.0,0.481,23.9,30.6,0.781,11.2,30.0,41.2,20.8,8.1,3.3,15.7,24.5,103.5
1998-99 Detroit Pistons,241.0,33.2,74.3,0.447,5.0,13.6,0.365,28.2,60.7,0.465,19.0,25.7,0.74,12.1,28.2,40.3,20.2,8.9,4.2,15.8,22.8,90.4
1997-98 Detroit Pistons,243.4,34.9,77.7,0.449,3.6,11.4,0.312,31.3,66.3,0.473,20.8,27.9,0.745,12.7,28.5,41.2,19.5,8.3,4.2,14.6,22.0,94.2
1996-97 Detroit Pistons,241.8,34.5,74.3,0.464,7.1,18.3,0.388,27.4,56.0,0.488,18.1,24.3,0.745,10.5,28.0,38.4,19.0,7.7,3.5,12.7,20.1,94.2
1995-96 Detroit Pistons,241.8,34.3,74.7,0.459,6.6,16.5,0.404,27.6,58.2,0.475,20.2,26.9,0.751,10.8,29.8,40.5,19.6,6.2,4.3,14.8,23.8,95.4
1994-95 Detroit Pistons,240.6,37.3,80.9,0.461,6.0,17.0,0.354,31.3,63.9,0.49,17.5,23.7,0.741,11.7,26.9,38.6,22.8,8.6,5.1,16.1,26.2,98.2
1993-94 Detroit Pistons,240.6,38.6,85.6,0.452,4.4,12.7,0.344,34.3,72.9,0.47,15.3,20.9,0.731,12.5,28.3,40.8,21.5,7.3,3.8,15.1,23.6,96.9
1992-93 Detroit Pistons,241.2,39.8,87.9,0.453,3.6,11.1,0.322,36.3,76.9,0.472,17.4,23.9,0.729,15.8,28.2,44.0,23.7,7.1,3.0,14.0,21.3,100.6
1991-92 Detroit Pistons,241.2,38.9,83.7,0.465,2.0,6.4,0.314,36.9,77.3,0.477,19.1,25.7,0.743,14.8,29.5,44.3,23.2,6.7,4.4,14.8,20.1,98.9
1990-91 Detroit Pistons,241.5,39.0,83.8,0.465,1.6,5.4,0.298,37.4,78.5,0.476,20.6,27.0,0.763,14.7,29.9,44.6,22.3,5.9,4.5,14.4,22.8,100.1
1989-90 Detroit Pistons,241.5,40.6,85.1,0.478,2.2,6.6,0.327,38.5,78.5,0.49,20.9,27.5,0.761,14.5,30.0,44.4,24.3,6.2,5.1,15.0,23.9,104.3
1988-89 Detroit Pistons,241.8,41.4,83.9,0.494,1.5,4.9,0.3,39.9,79.0,0.505,22.3,29.0,0.769,14.1,31.0,45.1,24.7,6.4,5.0,16.3,23.6,106.6
1987-88 Detroit Pistons,241.2,42.2,85.6,0.493,0.7,2.5,0.287,41.5,83.1,0.499,24.1,31.9,0.757,14.4,30.3,44.7,24.5,7.2,4.8,16.4,23.9,109.2
1986-87 Detroit Pistons,241.8,43.2,88.3,0.49,0.5,2.1,0.231,42.7,86.2,0.496,24.3,31.7,0.765,15.2,32.3,47.5,24.6,7.8,5.3,17.3,25.3,111.2
1985-86 Detroit Pistons,241.2,45.8,94.5,0.484,0.7,2.2,0.302,45.1,92.3,0.489,22.0,28.0,0.783,15.6,30.0,45.6,28.3,9.0,4.1,16.4,25.6,114.2
1984-85 Detroit Pistons,241.8,46.8,97.5,0.48,0.5,2.4,0.226,46.3,95.1,0.487,21.7,27.6,0.788,17.1,30.9,48.0,28.1,8.4,4.8,16.4,25.3,116.0
1983-84 Detroit Pistons,242.7,46.3,96.5,0.48,0.4,1.7,0.227,45.9,94.7,0.485,24.1,31.1,0.775,17.4,29.7,47.1,27.5,8.5,5.1,16.0,26.5,117.1
1982-83 Detroit Pistons,242.4,44.2,92.7,0.477,0.9,3.3,0.265,43.3,89.4,0.484,23.4,31.6,0.742,16.0,30.2,46.2,25.7,8.3,7.0,19.0,25.9,112.7
1981-82 Detroit Pistons,241.8,43.4,90.1,0.482,0.6,2.6,0.244,42.8,87.5,0.489,23.6,31.5,0.751,15.8,28.6,44.4,24.7,9.0,6.9,19.9,26.3,111.1
1980-81 Detroit Pistons,240.9,39.5,85.2,0.463,0.2,1.0,0.155,39.3,84.2,0.467,20.6,28.4,0.725,14.6,25.7,40.4,22.2,10.8,6.0,21.5,25.9,99.7
1979-80 Detroit Pistons,241.2,44.4,92.6,0.48,0.7,2.7,0.26,43.7,90.0,0.486,19.4,26.2,0.74,15.0,29.5,44.4,23.8,9.5,6.9,21.2,25.2,108.9
2023-24 Golden State Warriors,241.8,43.7,91.6,0.477,14.8,38.9,0.38,28.9,52.7,0.548,15.6,20.0,0.78,12.1,34.6,46.7,29.3,7.0,4.6,14.3,19.5,117.8
2022-23 Golden State Warriors,241.8,43.1,90.2,0.479,16.6,43.2,0.385,26.5,47.0,0.564,16.0,20.2,0.794,10.5,34.1,44.6,29.8,7.2,3.9,16.3,21.4,118.9
2021-22 Golden State Warriors,240.6,40.5,86.4,0.469,14.3,39.4,0.364,26.2,47.0,0.557,15.6,20.3,0.769,9.8,35.7,45.5,27.1,8.8,4.5,14.9,21.0,111.0
2020-21 Golden State Warriors,240.3,41.3,88.2,0.468,14.6,38.7,0.376,26.7,49.4,0.541,16.6,21.1,0.785,8.0,35.1,43.0,27.7,8.2,4.8,15.0,21.2,113.7
2019-20 Golden State Warriors,241.9,38.6,88.2,0.438,10.4,31.3,0.334,28.2,56.9,0.495,18.7,23.2,0.803,10.0,32.9,42.8,25.6,8.2,4.6,14.9,20.1,106.3
2018-19 Golden State Warriors,241.5,44.0,89.8,0.491,13.3,34.4,0.385,30.8,55.3,0.557,16.3,20.4,0.801,9.7,36.5,46.2,29.4,7.6,6.4,14.3,21.4,117.7
2017-18 Golden State Warriors,240.6,42.8,85.1,0.503,11.3,28.9,0.391,31.5,56.2,0.56,16.6,20.3,0.815,8.4,35.1,43.5,29.3,8.0,7.5,15.4,19.6,113.5
2016-17 Golden State Warriors,241.2,43.1,87.1,0.495,12.0,31.2,0.383,31.1,55.8,0.557,17.8,22.6,0.788,9.4,35.0,44.4,30.4,9.6,6.8,14.8,19.3,115.9
2015-16 Golden State Warriors,242.4,42.5,87.3,0.487,13.1,31.6,0.416,29.4,55.7,0.528,16.7,21.8,0.763,10.0,36.2,46.2,28.9,8.4,6.1,15.2,20.7,114.9
2014-15 Golden State Warriors,240.6,41.6,87.0,0.478,10.8,27.0,0.398,30.8,60.0,0.514,16.0,20.8,0.768,10.4,34.3,44.7,27.4,9.3,6.0,14.5,19.9,110.0
2013-14 Golden State Warriors,241.8,39.5,85.4,0.462,9.4,24.8,0.38,30.0,60.6,0.496,15.9,21.1,0.753,10.9,34.4,45.3,23.3,7.8,5.0,15.2,21.8,104.3
2012-13 Golden State Warriors,241.5,38.2,83.4,0.458,8.0,19.9,0.403,30.1,63.5,0.475,16.8,21.3,0.79,10.8,34.2,45.0,22.5,6.9,4.2,15.1,21.4,101.2
2011-12 Golden State Warriors,241.1,37.7,82.5,0.457,7.9,20.5,0.388,29.8,62.0,0.48,14.4,18.7,0.77,9.7,29.5,39.2,22.3,8.0,5.5,13.9,21.4,97.8
2010-11 Golden State Warriors,241.8,39.6,85.9,0.461,8.4,21.3,0.392,31.3,64.6,0.484,15.7,20.7,0.761,11.6,28.9,40.5,22.5,9.0,5.0,14.6,22.0,103.4
2009-10 Golden State Warriors,240.6,40.6,86.5,0.469,7.7,20.6,0.375,32.9,65.9,0.499,19.9,25.4,0.782,9.2,29.2,38.4,22.4,9.3,4.1,14.7,23.0,108.8
2008-09 Golden State Warriors,242.4,39.4,86.0,0.458,6.7,18.0,0.373,32.7,68.0,0.48,23.1,29.2,0.791,11.6,30.4,42.0,20.9,7.8,6.4,14.6,22.5,108.6
2007-08 Golden State Warriors,241.2,41.5,90.3,0.459,9.3,26.6,0.348,32.2,63.7,0.506,18.8,24.9,0.752,12.7,30.4,43.2,22.4,9.1,4.6,13.2,22.9,111.0
2006-07 Golden State Warriors,240.9,39.8,86.0,0.463,8.5,24.0,0.356,31.2,62.0,0.504,18.5,25.8,0.717,11.5,30.0,41.4,23.8,9.1,5.7,16.0,23.6,106.5
2005-06 Golden State Warriors,241.8,35.8,82.7,0.433,7.6,22.3,0.341,28.2,60.4,0.467,19.2,26.7,0.718,12.0,30.3,42.3,20.7,7.4,4.4,14.1,23.7,98.5
2004-05 Golden State Warriors,242.7,36.9,85.8,0.43,7.6,21.6,0.352,29.3,64.2,0.457,17.2,23.8,0.722,13.0,29.7,42.7,22.1,7.8,5.1,13.6,22.4,98.7
2003-04 Golden State Warriors,242.1,35.1,79.4,0.442,5.2,15.6,0.334,29.8,63.8,0.468,17.9,24.7,0.725,12.2,30.9,43.1,20.5,7.0,4.7,14.8,20.6,93.3
2002-03 Golden State Warriors,240.9,37.3,84.6,0.441,5.2,15.1,0.344,32.1,69.6,0.462,22.6,29.0,0.778,15.7,31.0,46.7,20.9,7.2,6.2,15.8,21.8,102.4
2001-02 Golden State Warriors,241.2,36.6,85.2,0.429,3.9,12.1,0.322,32.7,73.1,0.447,20.6,28.6,0.722,16.3,30.4,46.7,20.8,7.9,6.4,16.8,23.0,97.7
2000-01 Golden State Warriors,241.2,35.8,87.5,0.409,3.4,11.8,0.293,32.4,75.7,0.427,17.4,24.7,0.706,16.4,29.1,45.5,21.8,9.0,5.0,15.9,21.1,92.5
1999-00 Golden State Warriors,240.9,36.5,87.1,0.42,4.2,13.0,0.323,32.3,74.0,0.437,18.3,26.2,0.697,15.9,29.7,45.6,22.6,8.9,4.3,15.9,24.9,95.5
1998-99 Golden State Warriors,242.5,34.6,83.5,0.415,3.2,11.3,0.287,31.4,72.2,0.435,15.9,23.5,0.676,16.3,31.2,47.5,20.7,8.3,4.4,15.4,25.4,88.3
1997-98 Golden State Warriors,241.8,34.7,83.9,0.413,2.3,8.5,0.272,32.4,75.5,0.429,16.6,23.3,0.71,15.7,30.2,45.9,20.8,7.6,5.5,16.7,22.7,88.3
1996-97 Golden State Warriors,242.7,36.5,80.1,0.456,5.9,16.6,0.353,30.7,63.5,0.483,20.7,26.6,0.778,13.2,27.5,40.8,22.2,7.5,4.4,17.2,21.8,99.6
1995-96 Golden State Warriors,240.9,37.3,81.7,0.456,5.5,14.6,0.373,31.8,67.1,0.474,21.6,28.5,0.759,14.3,27.9,42.2,23.0,8.6,5.7,16.4,22.4,101.6
1994-95 Golden State Warriors,242.7,39.2,83.8,0.468,6.7,19.5,0.341,32.6,64.3,0.507,20.6,29.2,0.704,13.4,28.9,42.3,24.6,7.9,4.8,18.3,22.0,105.7
1993-94 Golden State Warriors,241.2,42.8,87.1,0.492,3.5,10.5,0.339,39.3,76.7,0.512,18.6,28.1,0.664,14.4,29.2,43.6,26.8,9.8,6.2,17.5,21.8,107.9
1992-93 Golden State Warriors,242.7,42.4,88.0,0.482,3.6,10.4,0.35,38.7,77.6,0.499,21.6,30.1,0.717,14.9,29.1,43.9,24.5,8.5,4.7,17.7,25.1,109.9
1991-92 Golden State Warriors,242.4,45.9,90.6,0.507,3.1,9.3,0.333,42.8,81.3,0.527,23.7,31.8,0.746,13.9,29.0,42.8,25.2,10.4,4.6,16.5,25.0,118.7
1990-91 Golden State Warriors,241.5,43.5,89.6,0.485,3.3,9.8,0.337,40.2,79.8,0.504,26.4,33.7,0.783,13.6,28.1,41.7,23.8,9.8,4.6,16.6,26.9,116.6
1989-90 Golden State Warriors,240.3,42.5,87.9,0.484,3.0,9.1,0.324,39.6,78.8,0.503,28.2,34.9,0.809,11.2,29.1,40.2,24.1,9.2,6.0,17.3,24.5,116.3
1988-89 Golden State Warriors,242.7,45.5,97.3,0.468,2.4,7.7,0.308,43.1,89.6,0.481,23.2,29.1,0.799,16.1,31.2,47.4,24.5,10.1,7.8,18.1,23.7,116.6
1987-88 Golden State Warriors,241.2,42.2,90.3,0.468,1.1,3.8,0.292,41.1,86.5,0.475,21.4,26.9,0.796,13.9,27.5,41.4,24.5,9.0,3.5,17.0,26.3,107.0
1986-87 Golden State Warriors,242.7,43.3,90.4,0.479,1.4,4.4,0.319,41.9,86.0,0.487,24.0,30.8,0.78,14.5,28.7,43.2,25.4,8.7,3.9,16.5,26.1,112.0
1985-86 Golden State Warriors,241.2,44.5,92.3,0.482,1.1,3.4,0.313,43.5,88.9,0.489,23.3,30.7,0.76,15.5,28.6,44.1,24.6,9.2,4.3,17.1,24.8,113.4
1984-85 Golden State Warriors,242.1,42.7,92.1,0.463,1.4,4.8,0.282,41.3,87.3,0.473,23.7,30.9,0.768,16.2,26.1,42.3,21.5,9.8,3.5,17.8,26.0,110.4
1983-84 Golden State Warriors,241.8,42.9,91.9,0.467,0.7,2.8,0.243,42.2,89.1,0.474,23.4,31.4,0.743,17.0,26.5,43.4,22.4,10.1,4.2,18.5,25.7,109.9
1982-83 Golden State Warriors,241.2,44.2,91.6,0.483,0.4,1.8,0.227,43.8,89.7,0.488,19.8,26.8,0.737,15.6,27.9,43.5,24.0,10.4,5.2,19.6,26.1,108.6
1981-82 Golden State Warriors,241.2,44.5,89.6,0.496,1.1,4.0,0.28,43.4,85.7,0.506,20.8,29.0,0.717,15.6,29.9,45.5,22.2,8.4,4.8,17.4,27.1,110.9
1980-81 Golden State Warriors,240.6,43.4,88.8,0.489,0.7,2.6,0.286,42.7,86.3,0.495,22.3,30.6,0.727,17.1,28.9,46.0,24.7,7.5,3.7,18.9,26.3,109.8
1979-80 Golden State Warriors,242.4,43.0,89.2,0.482,0.3,1.5,0.223,42.7,87.8,0.486,17.2,23.3,0.738,14.1,29.7,43.8,24.7,9.5,4.1,18.2,25.4,103.6
2023-24 Houston Rockets,242.1,41.8,91.0,0.459,12.7,36.1,0.352,29.0,54.8,0.53,18.1,23.4,0.773,11.5,34.0,45.5,24.8,7.8,4.6,12.7,20.8,114.3
2022-23 Houston Rockets,240.9,40.6,88.9,0.457,10.4,31.9,0.327,30.2,56.9,0.53,19.1,25.3,0.754,13.4,32.9,46.3,22.4,7.3,4.6,16.2,20.5,110.7
2021-22 Houston Rockets,240.9,39.4,86.4,0.456,13.5,38.7,0.349,25.9,47.7,0.543,17.5,24.5,0.713,9.6,32.4,42.0,23.6,7.3,4.7,16.5,20.6,109.7
2020-21 Houston Rockets,240.3,39.3,88.5,0.444,13.8,40.6,0.339,25.5,47.9,0.532,16.5,22.3,0.74,9.3,33.3,42.6,23.6,7.6,5.0,14.7,19.5,108.8
2019-20 Houston Rockets,241.4,40.8,90.4,0.451,15.6,45.3,0.345,25.1,45.2,0.557,20.6,26.1,0.791,9.8,34.5,44.3,21.6,8.7,5.2,14.7,21.8,117.8
2018-19 Houston Rockets,241.8,39.2,87.4,0.449,16.1,45.4,0.356,23.1,42.0,0.551,19.3,24.4,0.791,10.2,31.9,42.1,21.2,8.5,4.9,13.3,22.0,113.9
2017-18 Houston Rockets,240.9,38.7,84.2,0.46,15.3,42.3,0.362,23.4,41.9,0.558,19.6,25.1,0.781,9.0,34.5,43.5,21.5,8.5,4.8,13.8,19.5,112.4
2016-17 Houston Rockets,241.2,40.3,87.2,0.462,14.4,40.3,0.357,25.9,46.9,0.552,20.3,26.5,0.766,10.9,33.5,44.4,25.2,8.2,4.3,15.1,19.9,115.3
2015-16 Houston Rockets,241.8,37.7,83.5,0.452,10.7,30.9,0.347,27.0,52.6,0.514,20.4,29.4,0.694,11.3,31.7,43.1,22.2,10.0,5.2,15.9,21.8,106.5
2014-15 Houston Rockets,241.5,37.0,83.3,0.444,11.4,32.7,0.348,25.6,50.6,0.506,18.6,26.0,0.715,11.7,32.0,43.7,22.2,9.5,5.0,16.7,22.0,103.9
2013-14 Houston Rockets,241.8,38.0,80.5,0.472,9.5,26.6,0.358,28.5,54.0,0.529,22.1,31.1,0.712,11.2,34.1,45.3,21.4,7.6,5.6,16.1,20.4,107.7
2012-13 Houston Rockets,241.2,38.1,82.7,0.461,10.6,28.9,0.366,27.5,53.8,0.511,19.2,25.5,0.754,11.1,32.3,43.4,23.2,8.3,4.4,16.4,20.3,106.0
2011-12 Houston Rockets,243.4,37.7,84.0,0.449,7.2,20.2,0.359,30.5,63.8,0.477,15.4,19.7,0.782,11.7,30.5,42.2,21.3,7.5,4.8,14.5,20.4,98.1
2010-11 Houston Rockets,242.4,38.7,85.1,0.454,8.3,22.5,0.367,30.4,62.6,0.486,20.3,25.4,0.801,11.7,31.1,42.8,23.8,7.1,4.5,13.5,20.0,105.9
2009-10 Houston Rockets,242.7,37.7,84.4,0.447,7.9,22.4,0.351,29.9,62.0,0.481,19.0,24.7,0.772,11.8,30.1,42.0,21.8,7.1,3.9,14.5,20.9,102.4
2008-09 Houston Rockets,241.5,36.1,79.6,0.453,7.6,20.2,0.375,28.5,59.4,0.48,18.7,23.2,0.805,10.5,32.5,43.0,20.3,6.7,4.3,14.1,18.9,98.4
2007-08 Houston Rockets,240.6,36.6,81.7,0.448,7.1,20.8,0.342,29.5,60.9,0.485,16.4,22.5,0.726,12.2,32.4,44.6,21.4,7.3,5.1,13.7,19.6,96.7
2006-07 Houston Rockets,242.1,35.4,79.6,0.445,8.6,23.1,0.372,26.8,56.5,0.475,17.5,23.2,0.753,10.7,32.6,43.3,20.8,7.1,4.1,14.2,20.9,97.0
2005-06 Houston Rockets,241.8,33.0,76.2,0.433,5.7,17.2,0.332,27.3,59.0,0.463,18.3,24.1,0.759,10.4,31.3,41.6,19.3,7.2,3.9,14.5,22.7,90.1
2004-05 Houston Rockets,242.1,34.7,78.3,0.443,6.7,18.5,0.364,28.0,59.7,0.468,18.9,24.2,0.781,10.7,31.7,42.4,21.1,6.9,4.6,13.8,22.0,95.1
2003-04 Houston Rockets,243.0,33.4,75.5,0.442,6.3,17.1,0.366,27.1,58.4,0.464,16.7,21.6,0.773,10.3,32.3,42.6,19.3,6.8,5.4,16.7,21.5,89.8
2002-03 Houston Rockets,243.0,34.6,78.8,0.44,5.4,15.5,0.346,29.3,63.3,0.462,19.1,24.9,0.768,12.5,31.3,43.8,18.4,7.2,6.0,15.6,19.5,93.8
2001-02 Houston Rockets,243.7,34.6,80.8,0.428,6.0,18.0,0.335,28.5,62.8,0.455,17.1,23.1,0.741,12.5,29.4,41.9,18.1,6.5,5.4,14.1,18.0,92.3
2000-01 Houston Rockets,241.8,35.9,79.2,0.453,6.1,17.2,0.357,29.7,62.0,0.48,19.3,25.4,0.758,11.2,30.8,42.0,19.7,7.2,4.4,14.7,20.2,97.2
1999-00 Houston Rockets,241.8,36.6,81.3,0.45,7.1,19.8,0.358,29.5,61.5,0.48,19.2,26.2,0.733,12.3,31.5,43.8,21.6,7.5,5.3,17.4,20.3,99.5
1998-99 Houston Rockets,241.5,35.1,76.0,0.462,6.7,18.3,0.368,28.4,57.7,0.492,17.3,23.7,0.729,10.7,30.8,41.5,21.2,7.7,5.2,16.2,19.2,94.2
1997-98 Houston Rockets,241.8,35.9,79.4,0.452,7.0,20.4,0.343,28.9,59.1,0.49,19.9,25.9,0.771,12.0,28.7,40.7,21.9,8.4,3.6,15.8,20.2,98.8
1996-97 Houston Rockets,242.1,37.0,79.1,0.468,8.2,22.4,0.365,28.9,56.6,0.509,18.3,24.3,0.755,11.3,31.3,42.6,24.5,8.4,4.2,16.6,19.6,100.6
1995-96 Houston Rockets,241.5,37.5,81.0,0.464,7.8,21.5,0.362,29.8,59.5,0.501,19.6,25.7,0.765,11.2,29.9,41.1,24.2,7.9,5.8,15.2,21.4,102.5
1994-95 Houston Rockets,240.6,38.5,80.2,0.48,7.9,21.4,0.368,30.6,58.8,0.521,18.6,24.9,0.749,10.7,29.8,40.5,25.1,8.8,6.3,16.1,20.9,103.5
1993-94 Houston Rockets,241.2,39.0,82.1,0.475,5.2,15.7,0.334,33.8,66.4,0.508,17.9,24.1,0.743,11.3,31.9,43.2,25.5,8.7,5.9,16.3,20.1,101.1
1992-93 Houston Rockets,241.2,40.0,82.2,0.486,4.7,13.1,0.361,35.3,69.2,0.51,19.3,25.5,0.758,12.0,30.9,42.9,25.8,8.3,6.6,15.8,20.7,104.0
1991-92 Houston Rockets,242.4,39.9,84.1,0.475,4.0,11.7,0.343,35.9,72.4,0.496,18.2,24.6,0.738,13.1,29.7,42.8,25.1,8.0,7.0,16.8,21.6,102.0
1990-91 Houston Rockets,242.1,41.5,88.9,0.467,3.9,12.1,0.32,37.6,76.8,0.49,19.9,26.8,0.741,15.5,30.6,46.1,23.2,9.7,5.0,17.1,22.9,106.7
1989-90 Houston Rockets,241.5,42.5,88.4,0.48,1.9,6.0,0.312,40.6,82.4,0.493,19.9,27.6,0.72,14.8,32.2,47.0,26.8,9.9,6.7,18.5,23.6,106.7
1988-89 Houston Rockets,242.1,41.6,87.8,0.474,2.0,6.4,0.314,39.6,81.4,0.487,23.3,30.8,0.755,14.8,31.1,45.9,24.6,9.6,6.1,19.1,24.7,108.5
1987-88 Houston Rockets,240.0,42.3,89.7,0.471,0.8,3.5,0.237,41.4,86.1,0.481,23.6,30.3,0.78,15.1,30.9,46.0,23.6,8.7,6.1,16.7,22.7,109.0
1986-87 Houston Rockets,241.2,42.3,88.6,0.477,1.1,4.0,0.275,41.2,84.6,0.487,21.3,28.7,0.741,14.5,30.3,44.8,27.2,8.0,6.8,16.9,24.1,106.9
1985-86 Houston Rockets,240.9,45.8,93.5,0.49,1.0,3.8,0.274,44.8,89.8,0.499,21.7,29.7,0.73,16.0,29.7,45.7,28.3,9.1,6.7,16.8,24.3,114.4
1984-85 Houston Rockets,241.8,45.7,90.7,0.504,0.5,2.3,0.22,45.2,88.5,0.511,19.3,27.6,0.699,16.2,29.2,45.4,27.3,8.3,7.3,19.6,24.8,111.2
1983-84 Houston Rockets,240.9,45.5,91.9,0.495,0.4,1.9,0.195,45.1,90.0,0.501,19.3,26.1,0.74,14.6,30.3,44.9,26.9,7.6,6.3,19.0,28.3,110.6
1982-83 Houston Rockets,240.6,40.7,90.8,0.448,0.8,3.3,0.247,39.9,87.5,0.456,17.1,23.6,0.725,14.7,27.6,42.3,23.5,7.9,5.1,19.2,26.0,99.3
1981-82 Houston Rockets,241.2,42.7,89.8,0.476,0.6,2.1,0.284,42.1,87.7,0.48,19.8,27.1,0.729,17.1,27.9,45.0,24.1,7.9,5.2,16.1,22.8,105.9
1980-81 Houston Rockets,241.5,43.6,89.5,0.487,0.3,1.4,0.178,43.3,88.0,0.492,20.9,27.1,0.77,14.8,28.6,43.5,25.6,8.6,4.8,17.7,23.2,108.3
1979-80 Houston Rockets,243.0,43.9,91.4,0.48,1.3,4.6,0.274,42.6,86.8,0.491,21.7,28.4,0.766,17.0,27.0,44.0,26.2,9.5,4.5,19.1,23.5,110.8
2023-24 Indiana Pacers,240.3,47.0,92.7,0.507,13.2,35.3,0.374,33.8,57.4,0.589,16.1,20.5,0.782,10.1,31.4,41.5,30.8,7.7,5.9,12.9,21.4,123.3
2022-23 Indiana Pacers,240.9,42.0,89.6,0.469,13.6,37.0,0.367,28.4,52.6,0.54,18.7,23.7,0.79,10.1,31.4,41.5,27.0,7.7,5.8,14.9,21.2,116.3
2021-22 Indiana Pacers,242.4,41.4,89.5,0.463,12.2,35.4,0.344,29.3,54.1,0.541,16.4,21.4,0.768,11.3,32.6,43.9,25.4,7.1,5.6,14.4,20.4,111.5
2020-21 Indiana Pacers,242.4,43.3,91.2,0.474,12.3,34.0,0.364,30.9,57.3,0.54,16.4,20.7,0.792,9.0,33.7,42.7,27.4,8.5,6.4,13.5,20.2,115.3
2019-20 Indiana Pacers,241.4,42.1,88.5,0.476,10.2,28.0,0.363,31.9,60.4,0.529,15.0,19.1,0.787,8.7,34.1,42.8,25.9,7.4,5.2,13.2,19.8,109.4
2018-19 Indiana Pacers,240.3,41.3,87.0,0.475,9.5,25.4,0.374,31.8,61.6,0.517,15.8,21.1,0.752,9.3,33.7,43.0,26.0,8.7,4.9,13.7,19.4,108.0
2017-18 Indiana Pacers,240.9,40.8,86.4,0.472,9.0,24.5,0.369,31.8,61.9,0.513,14.9,19.2,0.779,9.6,32.7,42.3,22.2,8.8,4.1,13.3,18.8,105.6
2016-17 Indiana Pacers,242.1,39.3,84.5,0.465,8.6,23.0,0.376,30.6,61.5,0.498,17.9,22.1,0.81,9.0,33.0,42.0,22.5,8.2,5.0,13.8,19.5,105.1
2015-16 Indiana Pacers,242.4,38.3,85.2,0.45,8.1,23.0,0.351,30.2,62.1,0.486,17.4,22.8,0.764,10.3,33.9,44.2,21.2,9.0,4.8,14.9,20.0,102.2
2014-15 Indiana Pacers,242.1,36.6,83.2,0.439,7.5,21.2,0.352,29.1,62.0,0.469,16.7,22.2,0.756,10.4,34.4,44.9,21.4,6.2,4.6,14.0,21.2,97.3
2013-14 Indiana Pacers,241.2,36.0,80.2,0.449,6.7,18.8,0.357,29.3,61.4,0.477,18.1,23.3,0.779,10.2,34.5,44.7,20.1,6.7,5.4,15.1,20.4,96.7
2012-13 Indiana Pacers,241.9,35.1,80.6,0.436,6.9,19.7,0.347,28.3,60.8,0.465,17.6,23.6,0.746,12.9,33.0,45.9,20.3,7.2,6.3,15.1,20.0,94.7
2011-12 Indiana Pacers,242.3,35.7,81.4,0.438,5.9,16.1,0.368,29.7,65.3,0.455,20.4,26.1,0.782,12.5,31.4,43.9,18.6,7.9,5.4,14.0,21.7,97.7
2010-11 Indiana Pacers,241.2,36.6,82.8,0.442,7.1,20.2,0.354,29.5,62.6,0.471,19.4,24.8,0.782,11.1,32.4,43.5,19.6,7.1,5.6,15.4,21.7,99.8
2009-10 Indiana Pacers,240.3,36.8,83.2,0.443,8.0,23.1,0.348,28.8,60.1,0.479,19.1,24.6,0.775,9.6,31.9,41.5,21.1,7.1,5.4,15.0,22.5,100.8
2008-09 Indiana Pacers,241.8,39.3,86.3,0.455,8.0,21.0,0.378,31.3,65.3,0.48,18.6,23.0,0.807,11.3,32.5,43.7,21.6,7.0,5.3,14.5,23.1,105.1
2007-08 Indiana Pacers,240.9,37.8,85.3,0.444,9.2,24.6,0.374,28.6,60.6,0.472,19.1,24.9,0.768,11.0,32.1,43.1,22.7,7.6,5.0,15.1,23.4,104.0
2006-07 Indiana Pacers,241.2,35.0,80.0,0.438,5.9,16.9,0.346,29.2,63.1,0.462,19.7,25.9,0.76,12.1,29.8,41.8,20.5,7.3,5.5,16.3,23.3,95.6
2005-06 Indiana Pacers,240.6,34.0,76.5,0.444,6.5,18.7,0.349,27.4,57.8,0.475,19.4,26.3,0.737,11.0,31.2,42.2,19.9,7.3,5.0,15.3,22.2,93.9
2004-05 Indiana Pacers,242.7,32.5,75.2,0.432,6.6,19.2,0.344,25.9,56.0,0.463,21.3,26.9,0.792,10.6,29.5,40.1,18.2,7.5,4.4,14.3,23.0,93.0
2003-04 Indiana Pacers,241.5,33.6,77.1,0.435,5.5,15.6,0.351,28.1,61.5,0.457,18.8,24.6,0.764,11.8,29.9,41.7,21.6,8.9,5.0,14.4,20.8,91.4
2002-03 Indiana Pacers,242.7,35.5,80.6,0.441,4.6,13.6,0.339,30.9,66.9,0.461,21.2,27.7,0.766,12.2,32.0,44.2,23.3,8.5,5.4,14.8,22.1,96.8
2001-02 Indiana Pacers,242.7,35.8,80.2,0.446,4.9,14.6,0.339,30.9,65.7,0.47,20.3,26.3,0.772,11.3,31.3,42.7,23.0,8.0,5.3,15.2,22.9,96.8
2000-01 Indiana Pacers,243.7,34.5,78.4,0.44,4.8,14.1,0.342,29.7,64.3,0.461,18.8,24.5,0.766,11.2,31.6,42.9,21.5,6.9,5.9,15.2,23.5,92.6
1999-00 Indiana Pacers,240.6,37.2,81.0,0.459,7.1,18.1,0.392,30.0,62.8,0.478,19.9,24.5,0.811,10.3,31.9,42.1,22.6,6.8,5.1,14.1,21.8,101.3
1998-99 Indiana Pacers,242.0,34.6,77.3,0.448,5.9,16.0,0.368,28.7,61.3,0.469,19.5,24.6,0.796,11.5,29.0,40.5,20.1,6.3,4.5,13.0,21.6,94.7
1997-98 Indiana Pacers,241.8,35.6,75.9,0.469,4.9,12.5,0.39,30.7,63.3,0.485,19.9,26.0,0.764,10.7,28.6,39.3,23.0,7.9,4.5,14.2,22.7,96.0
1996-97 Indiana Pacers,243.0,34.8,76.3,0.456,5.2,13.8,0.381,29.5,62.5,0.472,20.6,28.5,0.722,12.5,29.1,41.7,21.3,7.1,4.8,16.3,24.1,95.4
1995-96 Indiana Pacers,240.9,36.3,75.7,0.48,4.4,11.9,0.373,31.9,63.8,0.5,22.2,29.5,0.755,12.3,27.6,39.9,23.4,7.1,3.9,16.3,24.8,99.3
1994-95 Indiana Pacers,241.2,36.4,76.2,0.477,4.6,12.0,0.38,31.8,64.2,0.496,21.9,29.1,0.751,12.8,27.9,40.7,22.9,8.6,4.4,16.3,23.6,99.2
1993-94 Indiana Pacers,240.9,38.6,79.5,0.486,2.2,6.1,0.368,36.4,73.4,0.496,21.5,29.1,0.738,13.8,29.4,43.2,25.1,8.6,5.6,17.6,24.1,101.0
1992-93 Indiana Pacers,240.9,41.1,85.6,0.48,3.1,9.6,0.326,38.0,76.0,0.5,22.4,29.3,0.766,14.9,29.9,44.8,26.1,7.5,4.9,15.3,24.9,107.8
1991-92 Indiana Pacers,243.4,42.7,86.3,0.494,4.1,11.5,0.354,38.6,74.9,0.516,22.8,28.8,0.79,13.2,31.3,44.5,29.2,8.6,4.8,17.1,26.1,112.2
1990-91 Indiana Pacers,241.5,42.1,85.3,0.493,3.0,9.1,0.332,39.0,76.2,0.513,24.5,30.2,0.811,12.4,29.0,41.4,26.6,8.0,4.4,16.5,25.5,111.7
1989-90 Indiana Pacers,242.4,41.2,83.0,0.497,3.6,9.4,0.382,37.6,73.6,0.511,23.2,28.5,0.816,11.5,29.1,40.6,24.7,6.7,4.3,16.4,24.0,109.3
1988-89 Indiana Pacers,242.1,41.3,84.7,0.487,2.5,7.5,0.328,38.8,77.2,0.503,21.9,27.7,0.789,13.0,30.5,43.4,24.5,6.9,5.1,18.9,25.7,106.9
1987-88 Indiana Pacers,240.3,41.9,87.2,0.48,2.0,5.9,0.336,39.9,81.3,0.491,18.9,24.2,0.78,13.1,30.0,43.1,24.1,7.5,4.2,16.1,24.9,104.6
1986-87 Indiana Pacers,243.0,42.1,89.3,0.472,1.1,3.9,0.297,41.0,85.5,0.479,20.7,26.5,0.782,13.8,30.0,43.9,26.5,8.5,3.8,15.6,25.6,106.1
1985-86 Indiana Pacers,240.9,42.0,87.2,0.481,0.3,1.7,0.161,41.7,85.5,0.488,19.7,26.6,0.739,13.9,31.9,45.7,26.3,8.0,4.6,18.5,26.0,103.9
1984-85 Indiana Pacers,241.2,42.5,89.3,0.476,0.4,1.9,0.194,42.2,87.4,0.482,22.8,30.7,0.744,14.6,32.0,46.6,23.7,7.6,4.5,19.8,27.3,108.3
1983-84 Indiana Pacers,241.2,42.0,87.0,0.483,0.6,2.5,0.232,41.5,84.4,0.491,19.8,25.8,0.766,12.2,29.2,41.5,26.5,10.2,4.9,18.6,25.1,104.5
1982-83 Indiana Pacers,241.8,45.2,94.2,0.48,0.6,2.9,0.212,44.6,91.3,0.488,17.6,23.3,0.758,15.8,28.0,43.8,26.2,9.2,5.0,18.7,25.4,108.7
1981-82 Indiana Pacers,241.8,40.6,87.4,0.465,1.3,3.9,0.326,39.4,83.5,0.472,19.7,26.5,0.741,13.9,28.9,42.8,23.1,9.2,6.0,17.0,24.9,102.2
1980-81 Indiana Pacers,240.6,42.6,88.4,0.482,0.4,2.1,0.178,42.2,86.3,0.489,22.1,31.0,0.715,16.2,27.6,43.8,25.5,10.2,5.9,18.2,24.5,107.6
1979-80 Indiana Pacers,242.1,44.4,93.8,0.473,1.1,3.8,0.28,43.3,89.9,0.481,21.4,28.5,0.751,17.0,28.4,45.4,26.2,11.0,6.5,18.5,24.1,111.2
1984-85 Kansas City Kings,240.9,44.7,88.7,0.504,0.8,2.9,0.265,43.9,85.8,0.512,24.7,31.6,0.779,14.2,28.4,42.6,28.6,8.1,3.7,19.4,26.5,114.8
1983-84 Kansas City Kings,240.9,42.9,88.2,0.486,0.6,2.3,0.275,42.2,85.9,0.492,23.6,30.4,0.777,14.0,27.7,41.7,27.2,8.7,4.7,18.3,26.8,110.0
1982-83 Kansas City Kings,241.2,45.4,91.3,0.497,0.6,2.6,0.237,44.7,88.7,0.505,22.4,30.9,0.727,15.3,29.4,44.7,26.3,9.3,5.0,20.6,29.7,113.8
1981-82 Kansas City Kings,242.4,44.0,88.8,0.495,0.3,1.6,0.2,43.6,87.2,0.5,18.9,26.3,0.719,13.2,27.8,41.0,25.1,9.1,4.9,18.4,28.8,107.1
1980-81 Kansas City Kings,241.8,43.6,87.2,0.5,0.6,2.0,0.292,43.0,85.2,0.505,19.2,26.9,0.714,12.6,29.9,42.5,27.7,8.8,4.7,17.7,25.5,106.9
1979-80 Kansas City Kings,241.5,43.7,91.3,0.478,0.3,1.4,0.219,43.4,89.9,0.482,20.4,27.4,0.743,14.5,29.6,44.1,25.9,10.5,4.3,17.5,26.0,108.0
2023-24 Los Angeles Lakers,242.1,43.7,87.5,0.499,11.8,31.4,0.377,31.8,56.2,0.567,18.9,24.2,0.782,8.2,34.9,43.1,28.5,7.4,5.5,14.0,15.6,118.0
2022-23 Los Angeles Lakers,242.4,42.9,89.0,0.482,10.8,31.2,0.346,32.1,57.8,0.555,20.6,26.6,0.775,10.0,35.7,45.7,25.3,6.4,4.6,14.1,17.9,117.2
2021-22 Los Angeles Lakers,243.7,41.6,88.8,0.469,12.0,34.5,0.347,29.7,54.3,0.546,16.8,23.0,0.732,9.5,34.5,44.0,24.0,7.6,5.2,14.5,20.2,112.1
2020-21 Los Angeles Lakers,242.4,40.6,86.1,0.472,11.1,31.2,0.354,29.6,54.8,0.539,17.2,23.3,0.739,9.7,34.6,44.2,24.7,7.8,5.4,15.2,19.1,109.5
2019-20 Los Angeles Lakers,240.7,42.3,88.3,0.48,11.0,31.6,0.349,31.3,56.7,0.552,17.7,24.3,0.729,10.7,35.1,45.7,25.4,8.6,6.6,15.2,20.7,113.4
2018-19 Los Angeles Lakers,241.2,42.6,90.5,0.47,10.3,31.0,0.333,32.2,59.6,0.541,16.3,23.3,0.699,10.2,36.4,46.6,25.6,7.5,5.4,15.7,20.7,111.8
2017-18 Los Angeles Lakers,242.7,40.7,88.4,0.461,10.0,29.1,0.345,30.7,59.3,0.517,16.6,23.3,0.714,10.7,35.7,46.4,23.8,7.7,4.7,15.8,21.2,108.1
2016-17 Los Angeles Lakers,240.3,39.3,87.4,0.45,8.9,25.7,0.346,30.4,61.6,0.493,17.0,22.6,0.754,11.4,32.1,43.5,20.9,8.2,3.9,15.2,20.7,104.6
2015-16 Los Angeles Lakers,240.6,35.1,84.8,0.414,7.8,24.6,0.317,27.3,60.2,0.454,19.3,24.7,0.781,10.7,32.3,43.0,18.0,7.2,4.1,13.7,20.3,97.3
2014-15 Los Angeles Lakers,243.0,37.2,85.6,0.435,6.5,18.9,0.344,30.8,66.8,0.461,17.5,23.6,0.741,11.6,32.3,43.9,20.9,7.0,4.5,13.2,21.2,98.5
2013-14 Los Angeles Lakers,240.3,38.3,85.1,0.45,9.4,24.8,0.381,28.8,60.3,0.478,17.0,22.4,0.757,9.1,32.0,41.0,24.5,7.5,5.4,15.1,19.8,103.0
2012-13 Los Angeles Lakers,240.9,37.1,81.0,0.458,8.7,24.6,0.355,28.4,56.4,0.503,19.3,27.9,0.692,11.5,33.3,44.8,22.2,7.0,5.2,15.0,17.9,102.2
2011-12 Los Angeles Lakers,243.4,36.8,80.6,0.457,5.5,16.8,0.326,31.3,63.7,0.491,18.2,24.1,0.756,12.1,34.1,46.2,22.5,5.9,5.3,15.1,16.8,97.3
2010-11 Los Angeles Lakers,241.8,38.1,82.4,0.463,6.4,18.1,0.352,31.8,64.3,0.494,18.8,24.1,0.779,12.1,31.9,44.0,22.0,7.3,5.1,13.1,19.0,101.5
2009-10 Los Angeles Lakers,241.8,38.3,83.8,0.457,6.5,19.0,0.341,31.9,64.8,0.492,18.5,24.2,0.765,11.9,32.5,44.3,21.1,7.5,4.9,13.4,19.4,101.7
2008-09 Los Angeles Lakers,241.2,40.3,85.1,0.474,6.7,18.5,0.361,33.7,66.6,0.505,19.6,25.5,0.77,12.4,31.5,43.9,23.3,8.8,5.1,13.5,20.7,106.9
2007-08 Los Angeles Lakers,241.2,39.6,83.1,0.476,8.1,21.4,0.378,31.5,61.8,0.51,21.3,27.7,0.769,11.0,33.2,44.1,24.4,8.0,5.3,14.1,20.6,108.6
2006-07 Los Angeles Lakers,244.3,37.8,81.3,0.466,7.4,21.0,0.353,30.4,60.2,0.505,20.2,27.1,0.747,10.8,30.4,41.2,22.6,7.3,5.1,15.5,23.0,103.3
2005-06 Los Angeles Lakers,242.1,36.5,80.6,0.453,6.7,19.3,0.349,29.8,61.3,0.486,19.7,26.5,0.745,11.8,30.3,42.2,21.1,7.7,4.3,13.9,23.1,99.4
2004-05 Los Angeles Lakers,241.2,35.3,80.8,0.437,7.9,22.1,0.355,27.5,58.7,0.467,20.3,26.1,0.777,12.5,30.6,43.2,20.4,6.2,4.2,14.3,21.9,98.7
2003-04 Los Angeles Lakers,242.1,36.9,81.4,0.454,4.5,13.6,0.327,32.5,67.8,0.479,19.9,28.7,0.693,12.2,30.9,43.1,23.8,8.3,4.6,13.8,21.1,98.2
2002-03 Los Angeles Lakers,243.0,37.7,83.6,0.451,5.9,16.7,0.356,31.8,66.9,0.475,19.0,26.0,0.734,13.1,31.1,44.3,23.3,7.8,5.7,14.5,22.9,100.4
2001-02 Los Angeles Lakers,241.2,38.4,83.4,0.461,6.2,17.5,0.354,32.2,65.9,0.489,18.2,26.1,0.699,12.5,31.8,44.3,23.0,7.6,5.8,12.7,22.2,101.3
2000-01 Los Angeles Lakers,242.7,37.9,81.5,0.465,5.4,15.5,0.344,32.6,66.0,0.494,19.4,28.5,0.683,13.2,31.5,44.7,23.0,6.9,6.0,14.4,22.8,100.6
1999-00 Los Angeles Lakers,241.5,38.3,83.4,0.459,4.2,12.8,0.329,34.1,70.6,0.482,20.1,28.9,0.696,13.6,33.4,47.0,23.4,7.5,6.5,13.9,22.5,100.8
1998-99 Los Angeles Lakers,241.0,36.8,78.7,0.468,4.8,13.7,0.352,32.0,65.0,0.492,20.5,30.1,0.683,12.4,29.6,42.0,21.9,7.8,5.7,15.1,24.6,99.0
1997-98 Los Angeles Lakers,241.8,38.4,79.7,0.481,6.1,17.3,0.351,32.3,62.5,0.517,22.7,33.5,0.679,13.2,30.1,43.3,24.5,9.0,6.8,15.3,22.7,105.5
1996-97 Los Angeles Lakers,243.0,36.8,81.0,0.454,6.7,18.3,0.367,30.1,62.7,0.48,19.7,28.4,0.692,13.3,29.4,42.8,22.5,9.0,7.0,14.9,22.2,100.0
1995-96 Los Angeles Lakers,240.0,39.2,81.8,0.48,5.8,16.6,0.351,33.4,65.2,0.512,18.6,25.0,0.746,12.1,28.1,40.2,25.4,8.8,6.3,14.2,20.8,102.9
1994-95 Los Angeles Lakers,242.7,40.0,86.4,0.463,6.4,18.2,0.352,33.6,68.2,0.493,18.6,25.3,0.735,13.7,28.2,42.0,25.3,9.1,6.9,15.2,23.6,105.1
1993-94 Los Angeles Lakers,240.9,40.1,89.2,0.45,2.9,9.8,0.3,37.2,79.4,0.468,17.2,24.0,0.717,15.4,26.9,42.2,24.2,9.2,5.6,14.6,22.9,100.4
1992-93 Los Angeles Lakers,241.8,40.4,85.3,0.473,2.3,7.6,0.299,38.1,77.7,0.49,21.2,28.1,0.756,13.5,27.9,41.4,24.5,9.5,5.3,15.4,21.7,104.2
1991-92 Los Angeles Lakers,241.8,38.8,85.1,0.456,1.5,5.4,0.267,37.4,79.7,0.469,21.3,27.8,0.766,14.1,26.8,40.9,22.0,9.2,4.9,13.3,18.8,100.4
1990-91 Los Angeles Lakers,241.8,40.8,84.3,0.484,2.8,9.1,0.304,38.0,75.2,0.505,22.0,27.6,0.798,13.1,29.8,42.9,25.5,7.8,4.7,14.7,18.6,106.3
1989-90 Los Angeles Lakers,242.1,41.9,85.5,0.49,3.8,10.3,0.367,38.1,75.2,0.507,23.2,29.5,0.787,13.4,30.0,43.4,27.2,8.0,5.4,15.0,21.2,110.7
1988-89 Los Angeles Lakers,241.5,43.7,87.1,0.502,2.8,8.1,0.34,40.9,79.0,0.518,24.5,30.6,0.802,13.3,31.9,45.2,27.8,8.8,5.1,16.4,20.4,114.7
1987-88 Los Angeles Lakers,241.5,43.6,86.3,0.505,1.7,5.8,0.297,41.9,80.5,0.52,23.9,30.2,0.789,13.1,30.4,43.5,28.6,8.2,4.9,16.1,20.9,112.8
1986-87 Los Angeles Lakers,240.6,45.6,88.4,0.516,2.0,5.5,0.367,43.6,82.9,0.526,24.5,31.1,0.789,13.7,30.7,44.4,29.6,8.9,5.9,16.6,22.6,117.8
1985-86 Los Angeles Lakers,241.8,46.8,89.5,0.522,1.7,5.0,0.337,45.1,84.6,0.533,22.1,28.4,0.778,13.4,31.2,44.6,29.7,8.5,5.1,17.9,24.8,117.3
1984-85 Los Angeles Lakers,240.9,48.2,88.5,0.545,1.1,3.6,0.305,47.1,84.9,0.555,20.8,27.2,0.763,13.0,31.1,44.1,31.4,8.5,5.9,18.7,23.5,118.2
1983-84 Los Angeles Lakers,241.2,47.0,88.4,0.532,0.7,2.8,0.257,46.3,85.7,0.54,20.9,27.7,0.754,13.4,30.5,43.8,29.9,8.9,5.8,19.2,25.0,115.6
1982-83 Los Angeles Lakers,240.6,48.3,91.6,0.528,0.1,1.2,0.104,48.2,90.4,0.533,18.2,24.8,0.736,15.1,29.7,44.7,30.7,10.3,5.8,19.3,23.5,115.0
1981-82 Los Angeles Lakers,242.1,47.8,92.5,0.517,0.2,1.1,0.138,47.6,91.4,0.521,18.9,26.4,0.717,15.3,30.5,45.9,28.7,10.3,6.3,17.9,24.4,114.6
1980-81 Los Angeles Lakers,241.5,46.1,90.0,0.512,0.2,1.1,0.181,45.9,88.9,0.516,18.8,25.8,0.729,14.2,30.4,44.6,28.8,9.9,6.7,19.0,23.8,111.2
1979-80 Los Angeles Lakers,242.4,47.5,89.9,0.529,0.2,1.2,0.2,47.3,88.6,0.534,19.8,25.5,0.775,13.2,32.4,45.6,29.4,9.4,6.7,20.0,21.8,115.1
2023-24 Memphis Grizzlies,241.2,38.4,88.2,0.435,13.1,37.8,0.346,25.3,50.4,0.502,16.0,21.0,0.764,10.9,31.7,42.6,24.7,8.2,6.1,15.1,19.1,105.8
2022-23 Memphis Grizzlies,241.2,43.7,92.1,0.475,12.0,34.2,0.351,31.7,57.9,0.548,17.5,23.8,0.733,12.0,34.6,46.6,26.0,8.3,5.8,13.6,20.0,116.9
2021-22 Memphis Grizzlies,241.2,43.5,94.4,0.461,11.5,32.7,0.353,32.0,61.7,0.519,17.0,23.1,0.734,14.1,35.0,49.2,26.0,9.8,6.5,13.2,19.8,115.6
2020-21 Memphis Grizzlies,241.7,42.8,91.8,0.467,11.2,31.4,0.356,31.7,60.4,0.525,16.4,21.3,0.771,11.2,35.3,46.5,26.9,9.1,5.1,13.3,18.7,113.3
2019-20 Memphis Grizzlies,240.7,42.5,90.9,0.468,10.9,31.5,0.347,31.6,59.4,0.532,16.6,21.8,0.763,10.3,36.2,46.5,26.9,7.9,5.5,15.2,21.2,112.6
2018-19 Memphis Grizzlies,242.4,38.0,84.4,0.45,9.9,28.9,0.342,28.1,55.6,0.505,17.7,23.0,0.772,8.8,33.0,41.8,23.9,8.3,5.5,14.0,22.0,103.5
2017-18 Memphis Grizzlies,240.3,36.7,82.8,0.444,9.2,26.2,0.352,27.5,56.5,0.486,16.6,21.1,0.786,9.5,31.0,40.5,21.5,7.5,4.8,15.0,23.2,99.3
2016-17 Memphis Grizzlies,242.7,36.4,83.6,0.435,9.4,26.5,0.354,27.0,57.1,0.473,18.3,23.4,0.784,10.8,32.0,42.8,21.3,8.0,4.2,12.9,22.4,100.5
2015-16 Memphis Grizzlies,241.8,36.8,83.6,0.44,6.1,18.5,0.331,30.7,65.1,0.471,19.3,24.7,0.783,11.2,30.5,41.6,20.7,8.8,4.3,13.3,21.7,99.1
2014-15 Memphis Grizzlies,242.7,37.8,82.5,0.458,5.2,15.2,0.339,32.6,67.3,0.485,17.6,22.8,0.773,10.4,32.1,42.6,21.7,8.5,4.2,13.3,19.1,98.3
2013-14 Memphis Grizzlies,241.5,38.1,82.0,0.464,4.9,14.0,0.353,33.1,68.0,0.487,15.1,20.3,0.741,11.6,30.8,42.4,21.9,7.7,4.6,13.7,19.1,96.1
2012-13 Memphis Grizzlies,241.5,36.1,81.5,0.444,4.7,13.5,0.345,31.5,68.0,0.463,16.5,21.3,0.773,12.9,29.8,42.7,20.9,8.6,5.3,14.0,20.2,93.4
2011-12 Memphis Grizzlies,241.5,36.7,82.2,0.447,4.2,12.9,0.326,32.5,69.3,0.47,17.3,22.8,0.759,12.6,29.5,42.0,19.5,9.6,5.2,14.5,19.9,95.0
2010-11 Memphis Grizzlies,242.4,39.0,82.9,0.471,3.8,11.3,0.334,35.3,71.6,0.492,18.1,24.2,0.75,11.8,29.2,41.0,20.6,9.4,5.4,14.0,20.8,99.9
2009-10 Memphis Grizzlies,242.7,39.3,83.8,0.469,4.2,12.4,0.337,35.1,71.4,0.492,19.7,26.9,0.733,13.0,30.4,43.5,18.8,7.9,4.9,15.2,20.2,102.5
2008-09 Memphis Grizzlies,241.5,34.9,77.0,0.454,4.9,13.5,0.36,30.1,63.5,0.474,19.1,25.3,0.756,10.3,28.5,38.8,17.4,7.5,4.7,15.3,21.7,93.9
2007-08 Memphis Grizzlies,241.5,37.3,82.2,0.454,7.6,21.7,0.349,29.8,60.5,0.492,18.5,25.6,0.723,10.3,31.3,41.6,19.2,6.1,4.7,15.3,19.4,100.7
2006-07 Memphis Grizzlies,243.7,36.6,78.6,0.465,6.1,16.6,0.367,30.5,62.0,0.491,22.4,29.4,0.761,10.6,29.0,39.5,20.5,6.9,5.0,16.4,22.3,101.6
2005-06 Memphis Grizzlies,242.1,33.5,74.7,0.448,7.2,19.2,0.374,26.3,55.5,0.474,18.0,25.3,0.711,10.2,29.0,39.2,19.3,7.3,5.4,13.8,21.4,92.2
2004-05 Memphis Grizzlies,240.3,34.2,76.5,0.447,6.5,18.1,0.357,27.7,58.4,0.475,18.6,24.7,0.754,10.8,28.1,39.0,20.9,8.5,5.8,14.6,23.3,93.4
2003-04 Memphis Grizzlies,242.4,36.1,81.2,0.445,5.5,16.0,0.34,30.7,65.2,0.471,19.0,26.1,0.727,12.8,29.0,41.8,23.4,9.7,6.9,15.0,23.2,96.7
2002-03 Memphis Grizzlies,243.0,37.2,82.2,0.452,5.7,15.6,0.365,31.5,66.6,0.473,17.4,23.6,0.739,11.5,30.1,41.6,23.1,7.9,6.1,15.4,20.5,97.5
2001-02 Memphis Grizzlies,241.2,34.8,79.7,0.436,4.1,13.4,0.307,30.7,66.3,0.462,16.3,23.0,0.708,12.0,29.4,41.4,21.8,7.9,6.0,16.4,19.2,89.9
2023-24 Miami Heat,240.9,39.8,85.6,0.465,12.5,33.7,0.37,27.4,51.9,0.527,18.0,22.0,0.818,9.3,33.0,42.3,25.8,7.5,3.4,12.7,17.3,110.1
2022-23 Miami Heat,241.5,39.2,85.3,0.46,12.0,34.8,0.344,27.3,50.5,0.54,19.1,23.0,0.831,9.7,30.9,40.6,23.8,8.0,3.0,13.5,18.5,109.5
2021-22 Miami Heat,242.1,39.6,84.8,0.467,13.6,35.8,0.379,26.0,49.0,0.531,17.3,21.4,0.808,9.8,33.9,43.7,25.5,7.4,3.2,14.6,20.5,110.0
2020-21 Miami Heat,241.4,39.2,83.7,0.468,12.9,36.2,0.358,26.3,47.5,0.553,16.7,21.1,0.79,8.0,33.5,41.5,26.3,7.9,4.0,14.1,18.9,108.1
2019-20 Miami Heat,243.1,39.5,84.4,0.468,13.4,35.4,0.379,26.0,49.0,0.532,19.7,25.2,0.783,8.5,35.9,44.4,25.9,7.5,4.5,14.9,20.6,112.0
2018-19 Miami Heat,240.6,39.6,88.0,0.45,11.3,32.4,0.349,28.3,55.6,0.509,15.1,21.7,0.695,11.2,35.1,46.3,24.3,7.6,5.5,14.7,20.9,105.7
2017-18 Miami Heat,243.0,38.8,85.3,0.455,11.0,30.6,0.36,27.8,54.8,0.508,14.7,19.5,0.755,9.3,34.2,43.5,22.7,7.6,5.3,14.4,20.1,103.4
2016-17 Miami Heat,241.2,39.0,85.8,0.455,9.9,27.0,0.365,29.2,58.8,0.496,15.2,21.6,0.706,10.6,33.0,43.6,21.2,7.2,5.7,13.4,20.5,103.2
2015-16 Miami Heat,241.8,38.4,81.7,0.47,6.1,18.0,0.336,32.3,63.6,0.508,17.1,23.0,0.744,9.8,34.3,44.1,20.8,6.7,6.5,14.1,18.3,100.0
2014-15 Miami Heat,240.6,35.2,77.2,0.456,6.8,20.2,0.335,28.4,57.0,0.499,17.5,23.7,0.741,9.1,30.0,39.1,19.8,7.8,4.5,14.8,20.0,94.7
2013-14 Miami Heat,242.4,38.3,76.5,0.501,8.1,22.3,0.364,30.2,54.2,0.558,17.5,23.0,0.76,7.6,29.2,36.9,22.5,8.9,4.5,14.8,19.5,102.2
2012-13 Miami Heat,242.4,38.4,77.4,0.496,8.7,22.1,0.396,29.6,55.4,0.536,17.4,23.0,0.754,8.2,30.4,38.6,23.0,8.7,5.4,13.9,18.7,102.9
2011-12 Miami Heat,243.0,37.1,79.0,0.469,5.6,15.6,0.359,31.5,63.4,0.496,18.8,24.2,0.775,10.4,31.2,41.6,20.0,8.9,5.4,15.2,19.4,98.5
2010-11 Miami Heat,241.2,37.0,76.8,0.481,6.7,18.0,0.37,30.3,58.8,0.515,21.5,27.9,0.769,9.6,32.5,42.1,20.0,6.6,5.2,13.9,20.4,102.1
2009-10 Miami Heat,242.4,36.4,79.5,0.458,6.0,17.4,0.346,30.4,62.1,0.489,17.7,23.5,0.752,10.7,31.1,41.8,18.9,7.4,5.6,13.2,20.9,96.5
2008-09 Miami Heat,243.4,37.0,81.0,0.457,7.1,19.9,0.357,29.9,61.2,0.489,17.2,22.8,0.754,10.1,29.4,39.5,20.4,7.9,5.5,12.5,20.7,98.3
2007-08 Miami Heat,241.8,34.2,77.3,0.443,6.0,16.7,0.358,28.3,60.5,0.467,16.9,23.2,0.727,9.1,28.6,37.6,20.0,7.2,4.3,14.7,20.4,91.4
2006-07 Miami Heat,242.1,35.6,76.7,0.464,6.4,18.8,0.343,29.2,57.9,0.503,17.0,24.6,0.69,10.0,30.8,40.8,20.5,6.9,5.4,14.6,21.3,94.6
2005-06 Miami Heat,240.9,37.1,77.5,0.478,6.1,17.6,0.345,31.0,59.9,0.517,19.7,28.2,0.7,10.5,32.6,43.1,20.6,6.4,5.4,14.5,22.8,99.9
2004-05 Miami Heat,243.7,37.8,77.7,0.486,5.8,15.4,0.377,32.0,62.3,0.513,20.2,30.1,0.672,10.8,32.2,43.0,21.8,6.4,5.8,13.7,22.1,101.5
2003-04 Miami Heat,240.9,33.3,78.3,0.425,5.9,16.5,0.357,27.4,61.7,0.443,17.8,23.4,0.762,11.5,30.0,41.5,19.1,7.2,3.8,13.9,22.1,90.3
2002-03 Miami Heat,241.8,32.8,79.5,0.412,4.2,13.4,0.316,28.5,66.1,0.432,15.8,20.6,0.765,11.6,30.0,41.6,18.3,7.2,4.0,14.2,22.6,85.6
2001-02 Miami Heat,243.0,34.2,77.8,0.439,3.8,11.0,0.347,30.4,66.9,0.454,15.1,20.8,0.724,11.0,31.0,42.0,20.3,6.7,5.5,14.8,22.5,87.2
2000-01 Miami Heat,242.4,32.9,76.3,0.43,5.8,16.9,0.345,27.0,59.4,0.455,17.4,22.9,0.759,9.9,29.7,39.6,19.9,7.7,3.7,13.7,21.0,88.9
1999-00 Miami Heat,241.8,36.3,78.8,0.46,5.4,14.7,0.371,30.8,64.1,0.481,16.4,22.3,0.736,11.2,31.9,43.2,23.5,7.1,6.4,15.0,23.7,94.4
1998-99 Miami Heat,240.5,32.3,71.3,0.453,5.8,16.1,0.359,26.5,55.2,0.481,18.6,25.2,0.735,10.1,30.2,40.3,20.4,6.5,6.1,14.9,20.7,89.0
1997-98 Miami Heat,240.9,34.8,77.2,0.45,6.7,18.8,0.355,28.1,58.3,0.481,18.8,25.4,0.739,12.5,29.5,42.0,21.4,8.1,5.2,15.0,24.2,95.0
1996-97 Miami Heat,241.5,34.4,76.0,0.453,8.3,22.7,0.364,26.1,53.3,0.491,17.7,24.7,0.719,11.7,29.3,41.0,21.2,7.9,5.4,15.9,23.4,94.8
1995-96 Miami Heat,241.2,35.4,77.4,0.457,6.7,17.8,0.379,28.7,59.6,0.481,18.9,26.7,0.71,12.2,30.4,42.6,21.4,7.0,5.4,17.0,26.3,96.5
1994-95 Miami Heat,241.5,38.3,82.2,0.467,5.3,14.4,0.369,33.0,67.8,0.487,19.1,26.0,0.736,13.3,27.7,41.0,21.7,8.1,3.6,15.7,24.4,101.1
1993-94 Miami Heat,241.5,39.0,84.1,0.464,4.1,12.2,0.338,34.9,71.9,0.485,21.3,27.1,0.785,15.1,29.4,44.4,22.6,7.8,4.6,16.0,24.7,103.4
1992-93 Miami Heat,244.0,38.1,83.5,0.456,4.1,11.5,0.354,34.1,72.1,0.473,23.3,30.2,0.771,13.8,29.1,42.9,20.6,7.4,4.3,15.7,24.5,103.6
1991-92 Miami Heat,241.8,39.7,86.1,0.461,3.1,9.2,0.342,36.6,77.0,0.475,22.4,28.4,0.79,14.5,28.9,43.3,21.3,8.2,4.5,16.8,22.2,105.0
1990-91 Miami Heat,241.2,40.0,87.1,0.459,1.7,5.7,0.302,38.3,81.4,0.47,20.1,28.1,0.715,15.0,28.1,43.1,23.2,9.2,4.7,18.9,25.4,101.8
1989-90 Miami Heat,240.6,41.3,89.6,0.461,1.1,3.7,0.293,40.2,85.9,0.468,17.0,24.7,0.687,15.1,28.2,43.4,23.9,9.0,4.7,19.0,25.9,100.6
1988-89 Miami Heat,242.1,39.3,86.8,0.453,1.2,3.6,0.326,38.1,83.1,0.458,18.0,25.6,0.702,16.0,27.0,42.9,23.9,9.1,5.0,21.1,25.9,97.8
2023-24 Milwaukee Bucks,241.5,43.1,88.5,0.487,14.2,38.1,0.373,29.0,50.4,0.574,18.5,23.9,0.774,9.4,34.8,44.2,26.5,6.8,5.0,12.9,19.2,119.0
2022-23 Milwaukee Bucks,241.8,42.7,90.4,0.473,14.8,40.3,0.368,27.9,50.1,0.557,16.6,22.4,0.743,11.1,37.5,48.6,25.8,6.4,4.9,14.6,18.1,116.9
2021-22 Milwaukee Bucks,240.9,41.8,89.4,0.468,14.1,38.4,0.366,27.8,51.0,0.544,17.8,22.9,0.776,10.2,36.5,46.7,23.9,7.6,4.0,13.4,18.2,115.5
2020-21 Milwaukee Bucks,240.7,44.7,91.8,0.487,14.4,37.1,0.389,30.3,54.7,0.554,16.2,21.4,0.76,10.3,37.8,48.1,25.5,8.1,4.6,13.8,17.3,120.1
2019-20 Milwaukee Bucks,241.0,43.3,90.9,0.476,13.8,38.9,0.355,29.5,52.0,0.567,18.3,24.7,0.742,9.5,42.2,51.7,25.9,7.2,5.9,15.1,19.6,118.7
2018-19 Milwaukee Bucks,241.2,43.4,91.1,0.476,13.5,38.2,0.353,29.9,52.9,0.565,17.9,23.2,0.773,9.3,40.4,49.7,26.0,7.5,5.9,13.9,19.6,118.1
2017-18 Milwaukee Bucks,241.8,39.7,83.0,0.478,8.8,24.7,0.355,31.0,58.3,0.531,18.3,23.4,0.783,8.4,31.5,39.8,23.2,8.8,5.4,13.8,21.4,106.5
2016-17 Milwaukee Bucks,241.2,38.8,81.9,0.474,8.8,23.7,0.37,30.0,58.2,0.516,17.2,22.4,0.768,8.8,31.6,40.4,24.2,8.1,5.3,14.0,20.2,103.6
2015-16 Milwaukee Bucks,241.8,38.4,82.2,0.467,5.4,15.6,0.345,33.0,66.6,0.495,17.0,22.7,0.747,10.5,31.2,41.7,23.1,8.2,5.8,15.2,20.7,99.0
2014-15 Milwaukee Bucks,243.0,37.6,82.0,0.459,6.6,18.3,0.363,31.0,63.7,0.486,16.0,21.1,0.757,10.7,31.4,42.1,23.6,9.6,4.9,16.7,22.1,97.8
2013-14 Milwaukee Bucks,242.4,36.0,82.2,0.438,6.7,18.9,0.353,29.3,63.2,0.464,16.8,22.5,0.747,11.8,29.3,41.1,21.5,6.6,4.9,15.1,20.9,95.5
2012-13 Milwaukee Bucks,241.8,38.1,87.8,0.435,7.3,20.4,0.36,30.8,67.4,0.457,15.3,20.7,0.736,13.0,30.9,44.0,22.9,8.4,6.7,14.1,19.0,98.9
2011-12 Milwaukee Bucks,240.4,37.9,85.6,0.443,6.6,19.2,0.345,31.3,66.5,0.471,16.6,21.4,0.774,12.4,30.0,42.5,23.5,8.3,5.1,14.1,19.3,99.0
2010-11 Milwaukee Bucks,241.8,34.3,79.8,0.43,5.9,17.2,0.342,28.4,62.6,0.454,17.4,22.9,0.757,10.5,30.2,40.8,18.8,7.5,4.9,13.5,20.5,91.9
2009-10 Milwaukee Bucks,243.7,37.2,85.3,0.436,7.9,22.1,0.356,29.3,63.2,0.464,15.4,20.4,0.755,11.8,31.2,43.0,21.2,7.1,4.7,13.2,22.2,97.7
2008-09 Milwaukee Bucks,241.2,36.7,82.4,0.445,6.2,17.2,0.363,30.5,65.2,0.467,19.7,25.2,0.78,11.9,28.9,40.7,22.0,7.4,3.8,14.1,24.2,99.3
2007-08 Milwaukee Bucks,242.1,36.9,82.3,0.449,5.5,16.0,0.344,31.4,66.2,0.474,17.7,24.1,0.733,12.9,28.8,41.7,21.5,6.6,4.4,14.8,21.3,97.0
2006-07 Milwaukee Bucks,242.1,38.1,81.9,0.465,6.4,18.0,0.356,31.7,63.9,0.495,17.1,23.4,0.733,11.5,27.7,39.2,21.6,7.2,2.7,15.1,22.2,99.7
2005-06 Milwaukee Bucks,242.1,36.3,80.1,0.453,6.2,16.3,0.38,30.1,63.8,0.472,19.0,25.8,0.738,11.3,29.9,41.2,21.6,7.3,3.3,14.6,23.2,97.8
2004-05 Milwaukee Bucks,241.2,36.1,80.2,0.45,4.0,11.3,0.351,32.2,69.0,0.467,21.0,27.2,0.772,12.0,29.3,41.3,21.0,6.5,3.5,13.8,21.9,97.2
2003-04 Milwaukee Bucks,241.2,36.2,81.1,0.447,4.9,14.0,0.35,31.3,67.1,0.467,20.7,26.7,0.775,11.7,30.5,42.2,22.8,6.8,4.7,13.5,20.3,98.0
2002-03 Milwaukee Bucks,242.7,37.1,81.3,0.457,7.1,18.6,0.383,30.0,62.7,0.478,18.1,23.3,0.776,10.7,28.9,39.5,22.2,7.6,4.2,12.7,22.2,99.5
2001-02 Milwaukee Bucks,242.7,37.1,80.2,0.462,7.2,19.3,0.375,29.9,60.9,0.49,16.1,21.5,0.748,10.3,31.2,41.4,22.5,7.3,4.7,14.1,21.8,97.5
2000-01 Milwaukee Bucks,241.2,38.0,82.9,0.458,6.9,18.1,0.379,31.1,64.8,0.48,18.0,22.9,0.787,11.9,30.5,42.4,22.5,8.2,4.7,13.7,23.5,100.7
1999-00 Milwaukee Bucks,242.1,38.7,83.3,0.465,4.8,13.0,0.369,33.9,70.2,0.483,19.0,24.2,0.786,12.4,28.9,41.3,22.6,8.2,4.6,15.0,24.6,101.2
1998-99 Milwaukee Bucks,241.0,35.1,76.4,0.459,4.6,12.4,0.373,30.4,64.0,0.476,16.9,23.1,0.733,11.4,27.4,38.8,20.6,8.8,4.0,14.4,22.8,91.7
1997-98 Milwaukee Bucks,243.0,35.6,78.0,0.456,3.0,8.6,0.354,32.5,69.5,0.469,20.3,26.4,0.767,12.6,27.3,39.9,20.1,8.9,4.4,16.9,23.4,94.5
1996-97 Milwaukee Bucks,240.6,36.2,76.9,0.471,4.0,11.2,0.352,32.2,65.6,0.491,19.0,25.7,0.741,11.6,27.6,39.2,19.6,7.7,4.2,15.7,23.1,95.3
1995-96 Milwaukee Bucks,240.6,37.0,79.1,0.467,4.4,12.9,0.338,32.6,66.3,0.493,17.2,23.3,0.738,11.9,26.4,38.3,21.4,7.1,3.7,15.8,23.7,95.6
1994-95 Milwaukee Bucks,242.1,36.9,80.3,0.459,6.0,16.5,0.366,30.8,63.9,0.483,19.6,27.5,0.712,13.0,26.7,39.6,21.2,8.2,4.4,17.0,22.7,99.3
1993-94 Milwaukee Bucks,240.3,37.1,83.0,0.447,4.0,12.4,0.325,33.1,70.6,0.469,18.7,26.6,0.702,13.7,26.3,40.0,23.7,9.8,5.0,16.4,22.2,96.9
1992-93 Milwaukee Bucks,240.6,39.9,84.4,0.472,3.8,11.4,0.333,36.0,73.0,0.494,18.8,25.4,0.742,12.8,25.8,38.6,25.4,10.5,4.8,16.6,24.1,102.3
1991-92 Milwaukee Bucks,242.4,40.5,88.0,0.46,4.5,12.3,0.369,36.0,75.7,0.475,19.5,25.7,0.759,15.8,26.5,42.3,24.6,10.5,3.9,16.5,23.2,105.0
1990-91 Milwaukee Bucks,242.1,40.7,84.7,0.48,3.1,9.2,0.341,37.6,75.5,0.497,21.9,27.3,0.801,13.2,26.4,39.5,25.3,10.9,4.0,16.1,24.8,106.4
1989-90 Milwaukee Bucks,241.8,41.2,87.1,0.473,2.5,8.2,0.312,38.7,79.0,0.49,21.0,27.7,0.758,13.5,27.4,40.9,25.0,10.1,4.0,16.0,25.4,106.0
1988-89 Milwaukee Bucks,240.9,41.5,87.4,0.474,2.2,6.9,0.316,39.3,80.5,0.488,23.8,29.0,0.821,13.8,27.7,41.5,25.3,10.0,3.9,15.9,23.8,108.9
1987-88 Milwaukee Bucks,241.2,41.0,86.3,0.475,1.6,5.0,0.324,39.4,81.3,0.485,22.3,28.8,0.775,13.6,28.5,42.1,26.8,8.2,4.6,15.5,24.3,106.1
1986-87 Milwaukee Bucks,241.2,42.2,88.8,0.475,2.3,7.0,0.323,39.9,81.8,0.488,23.8,31.1,0.766,13.6,28.3,42.0,24.9,10.3,4.8,15.4,26.6,110.4
1985-86 Milwaukee Bucks,241.5,43.9,89.1,0.493,1.5,4.7,0.327,42.4,84.5,0.502,25.2,32.9,0.764,14.5,29.5,44.0,26.3,9.8,5.6,16.7,27.0,114.5
1984-85 Milwaukee Bucks,241.5,43.5,88.5,0.491,1.1,3.6,0.303,42.4,84.9,0.499,22.8,30.2,0.757,15.3,28.7,44.0,26.4,8.4,5.9,16.9,27.3,110.9
1983-84 Milwaukee Bucks,242.7,41.9,85.0,0.492,0.7,2.8,0.254,41.1,82.2,0.501,21.3,28.7,0.74,13.8,29.1,42.9,25.8,7.8,6.0,17.3,26.4,105.7
1982-83 Milwaukee Bucks,241.8,42.5,87.0,0.489,0.5,2.1,0.219,42.1,84.9,0.495,21.1,28.0,0.753,13.4,30.2,43.6,25.8,8.1,6.5,17.6,26.0,106.6
1981-82 Milwaukee Bucks,241.5,43.2,85.5,0.505,0.6,2.0,0.299,42.6,83.5,0.51,21.4,28.4,0.753,14.2,29.5,43.7,27.2,9.3,5.5,19.4,27.8,108.4
1980-81 Milwaukee Bucks,240.9,45.4,91.1,0.498,0.4,1.6,0.229,45.0,89.5,0.503,22.0,28.5,0.77,15.4,29.4,44.7,28.3,10.5,6.5,19.3,26.8,113.1
1979-80 Milwaukee Bucks,241.5,44.9,92.1,0.488,0.6,1.9,0.323,44.3,90.2,0.491,19.6,25.6,0.764,15.2,29.2,44.4,27.8,9.5,6.2,18.2,23.6,110.1
2023-24 Minnesota Timberwolves,241.5,41.3,85.0,0.485,12.6,32.7,0.387,28.6,52.4,0.546,17.8,22.9,0.777,9.4,34.2,43.6,26.6,7.9,6.1,14.2,18.8,113.0
2022-23 Minnesota Timberwolves,241.8,42.9,87.4,0.49,12.2,33.3,0.365,30.7,54.1,0.568,17.9,23.7,0.755,9.1,32.8,41.9,26.2,8.0,5.4,15.3,21.6,115.8
2021-22 Minnesota Timberwolves,241.2,41.6,91.0,0.457,14.8,41.3,0.358,26.8,49.7,0.54,18.0,23.1,0.778,11.2,32.9,44.2,25.7,8.8,5.6,14.3,21.8,115.9
2020-21 Minnesota Timberwolves,241.7,40.7,90.9,0.448,13.1,37.6,0.349,27.6,53.3,0.518,17.6,23.1,0.761,10.5,33.0,43.5,25.6,8.8,5.5,14.3,20.9,112.1
2019-20 Minnesota Timberwolves,243.1,40.4,91.6,0.441,13.3,39.7,0.336,27.1,52.0,0.521,19.1,25.4,0.753,10.5,34.3,44.8,23.8,8.7,5.7,15.3,21.4,113.3
2018-19 Minnesota Timberwolves,241.8,41.6,91.3,0.456,10.1,28.7,0.351,31.5,62.5,0.504,19.1,24.3,0.787,11.3,33.5,44.8,24.6,8.3,5.0,13.1,20.3,112.5
2017-18 Minnesota Timberwolves,241.5,41.0,86.1,0.476,8.0,22.5,0.357,33.0,63.6,0.519,19.4,24.1,0.804,10.3,31.6,42.0,22.7,8.4,4.2,12.5,18.2,109.5
2016-17 Minnesota Timberwolves,241.5,39.5,84.4,0.467,7.3,21.0,0.349,32.1,63.4,0.507,19.3,24.2,0.799,11.4,31.0,42.4,23.7,8.0,4.5,14.0,20.1,105.6
2015-16 Minnesota Timberwolves,242.4,37.7,81.3,0.464,5.5,16.4,0.338,32.2,64.9,0.496,21.4,27.0,0.792,10.0,31.5,41.6,23.4,8.0,4.6,15.0,20.7,102.4
2014-15 Minnesota Timberwolves,241.5,36.4,83.2,0.438,5.0,14.9,0.332,31.5,68.3,0.461,20.0,25.7,0.776,11.6,29.3,40.9,21.6,8.1,4.0,15.0,19.2,97.8
2013-14 Minnesota Timberwolves,242.1,38.9,87.5,0.444,7.3,21.4,0.341,31.6,66.1,0.478,21.8,28.1,0.778,12.5,32.2,44.7,23.9,8.8,3.6,13.9,18.3,106.9
2012-13 Minnesota Timberwolves,240.6,35.9,81.7,0.439,5.5,18.0,0.305,30.4,63.7,0.477,18.5,24.9,0.742,11.9,30.2,42.0,22.4,8.5,4.7,14.8,18.4,95.7
2011-12 Minnesota Timberwolves,241.5,35.7,82.3,0.433,7.2,21.6,0.332,28.5,60.8,0.469,19.4,25.2,0.771,12.1,31.7,43.7,19.5,6.6,4.4,15.2,18.4,97.9
2010-11 Minnesota Timberwolves,241.2,37.7,85.5,0.441,7.2,19.1,0.376,30.5,66.5,0.459,18.5,24.1,0.768,13.2,31.2,44.4,20.1,7.2,5.1,17.0,22.3,101.1
2009-10 Minnesota Timberwolves,241.2,37.9,84.4,0.449,4.9,14.4,0.341,33.0,70.0,0.471,17.5,23.5,0.746,11.7,31.2,42.9,19.8,7.3,3.7,16.3,20.7,98.2
2008-09 Minnesota Timberwolves,241.5,36.4,82.5,0.441,6.6,18.8,0.353,29.8,63.7,0.467,18.3,23.9,0.769,11.9,29.8,41.7,20.4,6.2,3.9,14.2,21.8,97.8
2007-08 Minnesota Timberwolves,240.6,37.5,83.1,0.451,5.4,15.4,0.35,32.1,67.8,0.474,15.2,20.6,0.736,11.8,29.6,41.4,19.9,7.5,3.7,14.5,23.0,95.6
2006-07 Minnesota Timberwolves,244.0,36.5,79.3,0.461,4.7,13.3,0.353,31.9,66.0,0.483,18.3,23.1,0.792,10.0,30.2,40.2,22.5,6.5,4.0,15.6,21.4,96.1
2005-06 Minnesota Timberwolves,242.1,35.2,77.3,0.456,3.8,11.5,0.329,31.4,65.8,0.478,17.5,23.1,0.758,9.9,29.5,39.4,20.9,6.8,5.7,14.5,23.0,91.7
2004-05 Minnesota Timberwolves,240.9,37.1,80.8,0.459,4.8,14.0,0.345,32.3,66.9,0.483,17.7,22.2,0.796,11.5,31.5,43.0,23.4,5.6,5.5,13.2,21.6,96.8
2003-04 Minnesota Timberwolves,240.9,37.0,80.1,0.462,4.0,10.9,0.363,33.0,69.2,0.477,16.6,21.3,0.781,10.7,32.3,42.9,23.0,6.8,5.6,12.7,21.1,94.5
2002-03 Minnesota Timberwolves,241.5,38.7,83.0,0.466,3.6,9.8,0.368,35.1,73.2,0.479,17.1,22.3,0.77,11.7,31.9,43.6,25.2,6.7,5.3,13.7,20.8,98.1
2001-02 Minnesota Timberwolves,241.5,38.7,84.0,0.461,4.8,12.8,0.378,33.9,71.2,0.476,17.1,21.4,0.798,12.9,31.2,44.2,24.3,6.4,5.2,13.4,21.2,99.3
2000-01 Minnesota Timberwolves,241.8,38.4,83.8,0.458,3.9,11.0,0.357,34.5,72.8,0.473,16.6,21.2,0.785,12.2,30.1,42.3,25.4,8.3,5.6,13.9,23.2,97.3
1999-00 Minnesota Timberwolves,242.7,39.3,84.3,0.467,3.0,8.7,0.346,36.3,75.5,0.481,16.8,21.6,0.78,12.4,30.1,42.5,26.9,7.6,5.4,13.9,23.3,98.5
1998-99 Minnesota Timberwolves,240.5,36.8,86.5,0.425,2.4,8.2,0.298,34.3,78.3,0.438,17.0,22.9,0.743,15.1,27.8,42.9,24.4,8.5,5.4,12.8,23.7,92.9
1997-98 Minnesota Timberwolves,243.0,38.5,83.5,0.461,3.7,10.6,0.347,34.8,72.8,0.478,20.4,27.5,0.743,13.0,29.6,42.6,25.2,7.8,5.2,13.9,23.0,101.1
1996-97 Minnesota Timberwolves,241.2,35.8,78.5,0.456,4.5,13.3,0.339,31.3,65.2,0.48,20.0,26.6,0.751,11.7,28.1,39.7,22.9,7.5,6.8,15.2,22.2,96.1
1995-96 Minnesota Timberwolves,241.2,36.3,79.0,0.459,3.4,10.5,0.326,32.9,68.6,0.479,21.9,28.2,0.777,12.0,27.7,39.7,22.8,7.9,5.9,17.4,24.3,97.9
1994-95 Minnesota Timberwolves,241.2,34.0,75.8,0.449,3.9,12.4,0.313,30.2,63.5,0.475,22.2,28.7,0.775,10.8,25.5,36.3,21.7,7.4,4.9,17.1,25.3,94.2
1993-94 Minnesota Timberwolves,240.6,36.4,79.7,0.457,2.2,6.8,0.329,34.2,72.9,0.469,21.7,28.1,0.772,12.1,28.6,40.6,24.0,7.3,5.4,18.0,24.6,96.7
1992-93 Minnesota Timberwolves,242.1,37.1,79.6,0.466,2.0,6.9,0.292,35.1,72.7,0.483,21.9,27.4,0.798,11.5,26.9,38.3,24.4,7.9,5.5,17.3,24.7,98.1
1991-92 Minnesota Timberwolves,241.5,41.0,89.5,0.458,1.5,4.8,0.32,39.5,84.7,0.466,16.8,22.6,0.743,14.2,26.4,40.7,24.7,7.5,6.4,14.1,22.8,100.5
1990-91 Minnesota Timberwolves,242.7,39.8,88.7,0.449,1.3,4.6,0.283,38.5,84.1,0.458,18.7,25.4,0.735,15.5,25.8,41.3,23.0,8.7,5.4,13.0,22.7,99.6
1989-90 Minnesota Timberwolves,242.1,37.4,83.9,0.446,0.9,3.6,0.248,36.5,80.3,0.455,19.5,26.1,0.747,14.6,25.0,39.6,22.5,9.6,4.2,14.6,23.2,95.2
2011-12 New Jersey Nets,240.8,34.3,80.6,0.425,7.7,22.4,0.342,26.6,58.2,0.457,16.9,21.7,0.777,11.9,28.5,40.3,19.9,7.5,3.9,15.1,19.2,93.1
2010-11 New Jersey Nets,244.0,35.6,81.0,0.44,5.6,16.3,0.343,30.0,64.6,0.464,17.4,22.9,0.759,11.1,29.8,40.8,21.0,5.6,4.7,14.0,22.0,94.2
2009-10 New Jersey Nets,241.2,34.3,79.9,0.429,4.6,14.5,0.318,29.7,65.5,0.454,19.2,24.6,0.78,10.9,28.8,39.7,18.8,7.0,4.8,14.4,20.0,92.4
2008-09 New Jersey Nets,241.8,35.7,79.7,0.448,8.0,21.2,0.376,27.7,58.5,0.473,18.8,24.1,0.779,10.4,29.5,39.8,20.0,6.8,4.8,13.1,22.4,98.1
2007-08 New Jersey Nets,241.8,34.8,78.7,0.443,6.1,17.4,0.348,28.8,61.2,0.47,20.1,27.3,0.736,11.1,30.7,41.9,23.5,6.4,4.8,15.0,22.6,95.8
2006-07 New Jersey Nets,242.4,35.5,77.8,0.457,7.4,20.4,0.363,28.1,57.4,0.49,19.1,26.3,0.727,10.0,30.8,40.8,23.9,6.1,3.3,14.8,22.8,97.6
2005-06 New Jersey Nets,241.2,33.9,77.0,0.44,5.8,17.6,0.33,28.1,59.4,0.472,20.2,26.7,0.758,10.0,31.0,41.0,23.0,6.8,3.4,13.6,23.2,93.8
2004-05 New Jersey Nets,242.7,33.6,78.3,0.429,5.3,14.7,0.362,28.3,63.6,0.444,19.0,24.9,0.763,10.4,29.1,39.5,21.6,7.9,3.8,14.2,24.2,91.4
2003-04 New Jersey Nets,240.3,34.3,77.7,0.441,4.6,13.7,0.336,29.7,64.0,0.464,17.0,22.6,0.753,10.5,30.2,40.7,24.5,8.6,3.9,14.7,21.0,90.3
2002-03 New Jersey Nets,240.9,35.4,80.3,0.441,4.2,12.7,0.332,31.2,67.6,0.462,20.3,26.8,0.757,12.1,30.8,42.9,23.0,8.7,4.6,14.8,21.6,95.4
2001-02 New Jersey Nets,241.8,37.1,83.1,0.446,4.9,14.6,0.338,32.2,68.6,0.469,17.1,23.3,0.735,12.7,30.7,43.3,24.3,8.7,6.0,14.5,21.1,96.2
2000-01 New Jersey Nets,240.6,33.9,79.9,0.425,4.4,13.2,0.333,29.5,66.7,0.443,19.9,26.2,0.759,11.1,28.5,39.6,19.5,7.9,5.0,14.7,24.2,92.1
1999-00 New Jersey Nets,241.8,36.3,83.9,0.433,5.8,16.8,0.347,30.5,67.2,0.454,19.5,24.9,0.784,12.7,28.2,40.9,20.6,8.8,4.8,13.6,23.3,98.0
1998-99 New Jersey Nets,241.0,33.8,83.2,0.406,4.5,13.6,0.331,29.3,69.6,0.421,19.2,25.0,0.769,14.3,28.7,43.0,18.5,9.8,5.5,15.0,22.7,91.4
1997-98 New Jersey Nets,242.4,37.3,84.5,0.441,3.8,11.4,0.331,33.5,73.1,0.458,21.3,28.7,0.744,16.4,26.1,42.5,20.5,9.5,3.8,14.4,23.4,99.6
1996-97 New Jersey Nets,241.2,36.5,86.5,0.422,5.9,16.7,0.353,30.6,69.8,0.439,18.3,24.8,0.74,17.2,29.0,46.2,21.0,8.3,5.9,15.7,22.7,97.2
1995-96 New Jersey Nets,242.7,35.1,82.3,0.427,3.0,9.1,0.335,32.1,73.2,0.438,20.4,27.4,0.745,16.5,30.5,47.0,21.4,7.6,7.0,16.8,22.9,93.7
1994-95 New Jersey Nets,242.4,35.8,82.2,0.436,5.0,15.8,0.319,30.8,66.4,0.464,21.3,28.1,0.759,14.8,31.3,46.1,23.0,6.6,6.7,15.9,22.5,98.1
1993-94 New Jersey Nets,241.8,38.6,86.8,0.445,2.7,8.3,0.327,35.9,78.4,0.458,23.2,30.4,0.762,15.9,31.2,47.0,23.2,8.5,7.0,14.6,20.6,103.2
1992-93 New Jersey Nets,241.2,39.9,86.4,0.462,1.9,6.0,0.318,38.0,80.4,0.473,21.1,27.5,0.767,15.7,30.6,46.3,22.8,8.5,6.4,16.5,23.1,102.8
1991-92 New Jersey Nets,241.2,42.4,92.4,0.458,2.7,8.2,0.334,39.6,84.3,0.47,17.9,24.5,0.732,18.4,29.2,47.6,23.6,9.0,7.5,17.0,22.4,105.4
1990-91 New Jersey Nets,241.8,40.4,91.0,0.444,2.0,7.1,0.275,38.4,83.8,0.458,20.2,27.4,0.739,17.1,28.6,45.7,21.7,9.1,7.3,17.4,23.8,102.9
1989-90 New Jersey Nets,240.3,38.5,90.4,0.426,1.7,6.2,0.277,36.8,84.3,0.437,21.4,28.7,0.746,16.6,28.3,45.0,18.0,9.4,5.9,16.6,23.8,100.1
1988-89 New Jersey Nets,241.5,40.6,88.1,0.461,2.3,6.9,0.329,38.4,81.2,0.473,20.2,27.6,0.731,14.7,29.5,44.2,21.9,9.4,5.3,17.7,24.0,103.7
1987-88 New Jersey Nets,241.2,39.1,83.6,0.468,1.7,5.5,0.301,37.5,78.1,0.48,20.5,28.1,0.729,13.1,27.6,40.7,21.9,8.9,4.7,18.3,24.9,100.4
1986-87 New Jersey Nets,242.1,41.1,86.4,0.476,1.8,5.5,0.323,39.4,80.9,0.487,24.4,31.8,0.767,14.3,29.4,43.6,24.3,7.8,4.8,19.7,28.7,108.5
1985-86 New Jersey Nets,241.5,43.3,89.0,0.486,0.5,2.6,0.201,42.7,86.4,0.495,22.1,29.2,0.755,14.4,30.3,44.7,26.0,9.1,4.2,19.2,26.0,109.1
1984-85 New Jersey Nets,240.9,44.5,90.8,0.49,0.6,2.7,0.232,43.8,88.1,0.498,19.9,27.3,0.729,15.0,28.4,43.4,26.4,9.4,5.1,16.5,24.5,109.5
1983-84 New Jersey Nets,241.5,44.1,88.5,0.498,0.6,2.8,0.211,43.5,85.7,0.507,21.2,30.3,0.7,14.9,28.2,43.1,26.2,9.9,6.1,19.6,27.4,110.0
1982-83 New Jersey Nets,240.3,42.8,87.1,0.492,0.4,1.8,0.201,42.4,85.3,0.498,19.8,28.1,0.705,15.4,29.6,45.0,26.1,11.1,7.2,22.8,26.4,105.8
1981-82 New Jersey Nets,241.2,42.7,88.1,0.484,0.4,1.8,0.205,42.3,86.4,0.49,20.9,28.7,0.728,14.6,28.3,42.9,25.6,11.2,5.9,20.1,28.0,106.7
1980-81 New Jersey Nets,241.5,42.4,89.2,0.475,0.4,1.7,0.246,42.0,87.5,0.48,21.7,28.9,0.751,13.3,29.0,42.3,25.2,9.1,5.6,20.3,26.9,106.9
1979-80 New Jersey Nets,241.5,42.1,91.5,0.461,1.0,3.6,0.285,41.1,87.9,0.468,23.0,29.3,0.782,15.0,30.9,45.9,25.5,10.6,7.1,20.8,26.6,108.3
2012-13 New Orleans Hornets,241.2,36.0,80.4,0.448,6.5,18.0,0.363,29.5,62.4,0.473,15.5,20.0,0.776,12.0,29.6,41.6,21.0,6.3,5.4,14.5,20.4,94.1
2011-12 New Orleans Hornets,241.5,34.8,77.3,0.451,3.9,11.8,0.333,30.9,65.5,0.472,16.0,21.2,0.757,11.0,30.2,41.1,20.7,7.4,4.8,15.5,20.1,89.6
2010-11 New Orleans Hornets,241.8,35.9,78.2,0.459,5.4,15.0,0.36,30.5,63.2,0.482,17.7,23.1,0.765,10.0,30.1,40.1,20.6,7.6,4.4,13.0,21.0,94.9
2009-10 New Orleans Hornets,241.8,38.8,83.4,0.464,7.0,19.2,0.363,31.8,64.3,0.495,15.8,20.3,0.778,10.4,29.9,40.3,22.3,7.6,3.7,13.5,19.6,100.2
2008-09 New Orleans Hornets,240.9,35.5,77.6,0.457,6.8,18.6,0.364,28.7,59.0,0.487,18.0,22.4,0.807,9.8,29.9,39.7,19.6,7.2,4.1,12.5,20.3,95.8
2007-08 New Orleans Hornets,241.5,38.6,82.9,0.466,7.7,19.8,0.389,30.9,63.1,0.49,16.0,20.8,0.769,11.4,30.4,41.8,21.8,7.8,3.9,11.9,18.7,100.9
2004-05 New Orleans Hornets,243.0,33.1,80.0,0.415,5.1,16.0,0.315,28.1,63.9,0.44,17.1,22.3,0.766,12.4,27.8,40.2,21.0,6.7,3.8,14.8,23.0,88.4
2003-04 New Orleans Hornets,241.8,33.8,80.5,0.42,6.5,20.3,0.319,27.3,60.2,0.454,17.7,23.6,0.751,13.3,29.5,42.8,20.9,8.6,4.2,15.0,20.9,91.8
2002-03 New Orleans Hornets,242.7,35.5,81.6,0.435,4.9,13.1,0.376,30.6,68.5,0.447,17.9,23.3,0.768,13.4,30.2,43.6,22.0,8.0,4.8,14.8,21.6,93.9
2023-24 New Orleans Pelicans,240.3,42.5,87.4,0.486,12.5,32.6,0.383,30.0,54.8,0.548,17.6,22.8,0.771,10.4,33.6,44.0,27.0,8.3,4.6,13.0,18.4,115.1
2022-23 New Orleans Pelicans,242.1,42.0,87.6,0.48,11.0,30.1,0.364,31.1,57.5,0.541,19.3,24.4,0.793,10.6,33.1,43.7,25.9,8.3,4.1,14.6,20.5,114.4
2021-22 New Orleans Pelicans,240.9,40.2,88.0,0.457,10.6,32.1,0.332,29.5,55.9,0.528,18.3,23.2,0.789,12.0,33.2,45.2,25.0,8.3,4.0,14.1,19.7,109.3
2020-21 New Orleans Pelicans,242.1,42.5,89.1,0.477,10.6,30.4,0.348,31.9,58.6,0.544,19.0,26.1,0.729,11.7,35.7,47.4,26.0,7.6,4.4,14.6,18.0,114.6
2019-20 New Orleans Pelicans,242.1,42.6,91.6,0.465,13.6,36.9,0.37,28.9,54.8,0.528,17.1,23.4,0.729,11.1,35.4,46.5,26.8,7.5,5.0,16.4,21.2,115.8
2018-19 New Orleans Pelicans,240.9,43.7,92.2,0.473,10.3,29.9,0.344,33.4,62.4,0.536,17.8,23.4,0.761,11.1,36.2,47.3,27.0,7.4,5.4,14.8,21.1,115.4
2017-18 New Orleans Pelicans,243.4,42.7,88.3,0.483,10.2,28.2,0.362,32.5,60.1,0.54,16.1,20.9,0.772,8.7,35.7,44.3,26.8,8.0,5.9,14.9,19.1,111.7
2016-17 New Orleans Pelicans,242.7,39.1,87.0,0.45,9.4,26.8,0.35,29.8,60.2,0.495,16.7,22.3,0.75,8.6,35.1,43.7,22.8,7.8,5.5,12.9,18.2,104.3
2015-16 New Orleans Pelicans,241.2,38.5,85.9,0.448,8.6,23.8,0.36,29.9,62.1,0.482,17.3,22.2,0.776,9.5,33.1,42.6,22.2,7.7,4.2,13.4,20.9,102.7
2014-15 New Orleans Pelicans,241.2,37.9,82.9,0.457,7.1,19.3,0.37,30.8,63.6,0.484,16.4,21.8,0.751,11.5,32.0,43.5,22.0,6.7,6.2,13.3,18.7,99.4
2013-14 New Orleans Pelicans,242.1,37.8,82.5,0.459,5.9,15.9,0.373,31.9,66.6,0.479,18.2,23.6,0.769,11.4,30.3,41.7,21.3,7.9,6.4,13.8,22.6,99.7
2023-24 New York Knicks,240.6,41.3,88.7,0.465,13.2,35.8,0.369,28.1,52.9,0.531,17.0,21.8,0.78,12.7,32.5,45.2,24.4,7.5,4.1,13.2,17.6,112.8
2022-23 New York Knicks,243.4,42.0,89.4,0.47,12.6,35.7,0.354,29.4,53.6,0.547,19.4,25.5,0.761,12.6,34.0,46.6,22.9,6.4,4.1,13.0,20.3,116.0
2021-22 New York Knicks,241.2,37.7,86.2,0.437,13.2,36.9,0.357,24.5,49.3,0.497,18.0,24.1,0.744,11.5,34.6,46.1,21.9,7.0,4.9,13.3,20.4,106.5
2020-21 New York Knicks,242.1,39.4,86.5,0.456,11.8,30.0,0.392,27.7,56.4,0.49,16.4,20.9,0.784,9.7,35.5,45.1,21.4,7.0,5.1,12.9,20.5,107.0
2019-20 New York Knicks,241.9,40.0,89.3,0.447,9.6,28.4,0.337,30.4,61.0,0.499,16.3,23.5,0.694,12.0,34.5,46.5,22.1,7.6,4.7,14.3,22.2,105.8
2018-19 New York Knicks,241.2,38.2,88.3,0.433,10.0,29.5,0.34,28.2,58.8,0.479,18.1,23.9,0.759,10.5,34.3,44.7,20.1,6.8,5.1,14.0,20.9,104.6
2017-18 New York Knicks,241.8,40.7,87.7,0.464,8.2,23.3,0.352,32.5,64.4,0.504,14.9,19.0,0.787,10.5,33.6,44.0,23.3,6.7,5.1,14.7,20.5,104.5
2016-17 New York Knicks,242.1,39.6,88.5,0.447,8.6,24.7,0.348,31.0,63.8,0.485,16.6,21.1,0.788,12.0,33.2,45.2,21.8,7.1,5.5,13.9,20.3,104.3
2015-16 New York Knicks,241.5,36.9,84.0,0.439,7.4,21.5,0.346,29.4,62.5,0.471,17.2,21.4,0.805,10.4,34.0,44.4,20.5,5.7,5.7,13.4,19.7,98.4
2014-15 New York Knicks,242.1,35.1,82.0,0.428,6.8,19.7,0.347,28.3,62.3,0.454,14.8,19.2,0.769,10.6,29.8,40.4,21.3,7.0,4.7,14.7,21.6,91.9
2013-14 New York Knicks,242.1,36.9,82.2,0.449,9.3,24.9,0.372,27.7,57.3,0.482,15.5,20.4,0.761,10.6,29.7,40.3,20.0,7.7,4.5,13.0,22.1,98.6
2012-13 New York Knicks,240.6,36.5,81.6,0.448,10.9,28.9,0.376,25.7,52.7,0.487,16.0,21.1,0.759,10.9,29.7,40.6,19.3,8.2,3.6,12.0,20.1,100.0
2011-12 New York Knicks,241.5,35.8,80.8,0.443,7.8,23.3,0.336,28.0,57.5,0.487,18.3,24.8,0.741,11.3,30.5,41.7,20.1,9.4,4.2,16.0,21.1,97.8
2010-11 New York Knicks,241.2,38.3,83.7,0.457,9.3,25.4,0.368,29.0,58.4,0.496,20.6,25.5,0.809,10.3,30.1,40.5,21.4,7.6,5.8,13.7,21.3,106.5
2009-10 New York Knicks,242.4,38.1,83.9,0.455,9.1,26.2,0.346,29.1,57.7,0.504,16.8,21.5,0.782,10.2,30.2,40.4,21.6,7.1,3.7,14.0,20.0,102.1
2008-09 New York Knicks,241.5,38.5,86.5,0.445,10.0,27.9,0.36,28.5,58.6,0.486,18.2,23.2,0.784,11.1,31.0,42.1,21.2,7.4,2.5,14.3,20.4,105.2
2007-08 New York Knicks,242.4,36.2,82.4,0.439,6.0,17.7,0.337,30.2,64.7,0.467,18.6,25.5,0.727,12.5,30.0,42.5,18.7,6.4,2.6,14.5,21.5,96.9
2006-07 New York Knicks,244.0,35.4,77.5,0.457,5.8,16.7,0.346,29.6,60.8,0.487,20.9,29.2,0.715,12.6,30.7,43.3,18.7,6.6,3.2,17.1,23.6,97.5
2005-06 New York Knicks,243.0,34.4,75.7,0.455,3.9,10.8,0.362,30.5,64.9,0.47,22.9,31.5,0.726,12.6,28.8,41.4,17.9,6.8,3.3,17.7,26.3,95.6
2004-05 New York Knicks,242.4,36.3,80.5,0.451,5.4,15.1,0.356,30.9,65.4,0.473,19.3,25.1,0.767,11.8,29.2,41.0,20.3,7.7,3.2,14.7,23.7,97.3
2003-04 New York Knicks,242.4,35.1,79.4,0.442,5.0,13.6,0.364,30.2,65.8,0.459,16.8,21.1,0.793,11.6,31.0,42.6,20.7,7.4,4.8,15.7,23.1,92.0
2002-03 New York Knicks,242.1,36.2,82.0,0.441,7.4,19.3,0.383,28.8,62.7,0.459,16.1,19.8,0.815,10.3,29.0,39.2,22.0,7.1,3.1,14.0,23.0,95.9
2001-02 New York Knicks,241.5,34.4,79.5,0.432,5.8,16.4,0.353,28.6,63.1,0.453,17.1,21.8,0.787,10.7,30.0,40.7,21.0,6.8,3.5,14.5,22.0,91.6
2000-01 New York Knicks,242.7,33.6,75.6,0.444,4.8,13.6,0.351,28.8,62.0,0.465,16.8,21.1,0.796,9.4,30.8,40.2,18.5,6.6,4.2,14.5,22.7,88.7
1999-00 New York Knicks,241.8,35.3,77.7,0.455,4.3,11.4,0.375,31.0,66.3,0.468,17.2,22.0,0.781,9.8,30.7,40.5,19.4,6.3,4.3,14.6,24.2,92.1
1998-99 New York Knicks,242.0,32.2,74.1,0.435,4.2,11.8,0.353,28.0,62.3,0.45,17.8,24.4,0.732,11.0,30.2,41.2,19.3,7.9,5.2,16.1,22.8,86.4
1997-98 New York Knicks,241.8,34.9,78.2,0.447,4.7,13.9,0.335,30.3,64.3,0.471,17.1,22.1,0.772,11.9,29.7,41.6,21.8,7.7,3.4,15.2,23.7,91.6
1996-97 New York Knicks,242.1,35.1,75.9,0.463,5.7,15.8,0.363,29.4,60.2,0.489,19.3,25.8,0.748,11.9,30.7,42.5,22.1,7.7,4.6,17.8,24.8,95.4
1995-96 New York Knicks,241.8,36.6,77.8,0.471,5.9,15.7,0.377,30.7,62.2,0.494,18.0,23.8,0.757,10.1,29.9,40.0,22.2,7.9,4.6,15.5,22.7,97.2
1994-95 New York Knicks,241.2,36.4,78.0,0.467,6.5,17.6,0.368,29.9,60.3,0.496,18.9,25.8,0.734,11.3,30.2,41.5,25.1,7.2,4.7,15.9,25.6,98.2
1993-94 New York Knicks,240.9,37.8,82.1,0.46,3.9,11.1,0.348,33.9,71.1,0.477,19.1,25.6,0.746,14.3,31.0,45.3,25.2,9.2,4.7,16.6,24.4,98.5
1992-93 New York Knicks,243.0,39.1,84.1,0.465,2.4,7.4,0.32,36.8,76.8,0.479,20.9,28.2,0.741,14.0,32.4,46.5,25.9,8.3,4.5,15.8,25.7,101.6
1991-92 New York Knicks,242.1,40.4,84.7,0.477,2.5,7.5,0.325,37.9,77.2,0.492,18.3,25.0,0.734,14.5,30.4,44.8,26.0,7.7,4.7,15.1,23.2,101.6
1990-91 New York Knicks,243.4,40.3,83.2,0.485,2.3,6.8,0.332,38.1,76.4,0.499,20.2,26.2,0.77,12.8,29.7,42.5,26.5,7.8,5.1,16.8,21.5,103.1
1989-90 New York Knicks,241.8,41.9,86.5,0.484,2.9,8.7,0.332,39.0,77.8,0.501,21.6,28.6,0.756,14.5,29.6,44.1,26.1,8.7,6.0,17.2,22.3,108.3
1988-89 New York Knicks,241.5,45.1,92.8,0.486,4.7,14.0,0.337,40.4,78.8,0.513,21.7,28.9,0.752,16.1,27.6,43.7,25.4,11.0,5.4,19.2,25.0,116.7
1987-88 New York Knicks,241.5,41.0,88.2,0.465,2.2,6.9,0.316,38.8,81.3,0.478,21.3,28.1,0.759,15.7,26.8,42.4,24.5,9.6,5.4,18.5,28.8,105.5
1986-87 New York Knicks,241.2,40.6,85.6,0.474,1.5,4.6,0.333,39.1,81.1,0.482,21.0,28.8,0.73,13.5,26.4,39.9,23.7,8.6,4.8,17.3,24.7,103.8
1985-86 New York Knicks,241.5,39.5,85.8,0.46,1.0,2.9,0.343,38.5,82.9,0.465,18.7,27.3,0.686,13.2,26.5,39.6,22.9,8.7,3.8,17.5,27.0,98.7
1984-85 New York Knicks,241.8,41.9,86.6,0.484,0.6,2.4,0.258,41.3,84.2,0.49,20.8,28.7,0.726,13.6,25.6,39.2,24.4,9.2,3.3,17.8,29.2,105.2
1983-84 New York Knicks,242.1,41.3,83.4,0.495,0.6,2.0,0.285,40.7,81.4,0.5,23.7,30.6,0.775,13.3,27.2,40.5,24.9,9.8,4.4,19.4,27.8,106.9
1982-83 New York Knicks,241.5,39.9,82.8,0.482,0.4,1.6,0.252,39.5,81.2,0.486,19.8,27.8,0.71,13.2,27.6,40.8,24.8,8.5,4.6,18.4,26.6,100.0
1981-82 New York Knicks,241.8,43.0,87.5,0.491,0.7,2.6,0.271,42.3,84.9,0.498,19.5,26.5,0.738,14.2,27.7,42.0,25.3,8.8,4.1,18.1,26.8,106.2
1980-81 New York Knicks,241.8,42.7,88.5,0.483,0.7,2.9,0.237,42.1,85.6,0.491,21.7,29.1,0.747,13.9,26.9,40.8,24.1,10.5,3.8,17.8,23.4,107.9
1979-80 New York Knicks,241.2,46.4,93.6,0.496,0.5,2.3,0.22,45.9,91.2,0.503,20.7,27.7,0.747,15.1,28.1,43.2,27.6,10.7,5.6,19.7,26.4,114.0
2023-24 Oklahoma City Thunder,241.5,44.5,89.3,0.499,13.3,34.2,0.389,31.3,55.1,0.567,17.7,21.5,0.825,8.8,33.2,42.0,27.1,8.5,6.6,12.7,18.8,120.1
2022-23 Oklahoma City Thunder,242.1,43.1,92.6,0.465,12.1,34.1,0.356,31.0,58.5,0.53,19.2,23.7,0.809,11.4,32.3,43.6,24.4,8.2,4.2,13.0,21.0,117.5
2021-22 Oklahoma City Thunder,241.5,38.3,89.1,0.43,12.1,37.4,0.323,26.2,51.8,0.507,15.0,19.9,0.756,10.4,35.2,45.6,22.2,7.6,4.6,14.0,18.3,103.7
2020-21 Oklahoma City Thunder,241.0,38.8,88.0,0.441,11.9,35.1,0.339,26.9,52.9,0.509,15.5,21.3,0.725,9.9,35.7,45.6,22.1,7.0,4.4,16.1,18.1,105.0
2019-20 Oklahoma City Thunder,242.1,40.0,85.5,0.468,10.7,30.2,0.355,29.3,55.3,0.529,19.8,24.8,0.796,8.2,34.7,42.9,21.7,7.6,4.9,13.7,19.3,110.4
2018-19 Oklahoma City Thunder,242.1,42.6,94.0,0.454,11.4,32.6,0.348,31.3,61.3,0.51,17.8,25.0,0.713,12.6,35.5,48.1,23.4,9.3,5.2,14.0,22.4,114.5
2017-18 Oklahoma City Thunder,241.8,39.9,88.1,0.453,10.7,30.4,0.354,29.1,57.7,0.505,17.3,24.2,0.716,12.5,32.6,45.1,21.3,9.1,5.0,14.0,20.2,107.9
2016-17 Oklahoma City Thunder,241.5,39.5,87.4,0.452,8.4,25.8,0.327,31.0,61.6,0.504,19.2,25.8,0.745,12.2,34.4,46.6,21.0,7.9,5.0,15.0,20.9,106.6
2015-16 Oklahoma City Thunder,241.8,41.1,86.4,0.476,8.3,23.7,0.349,32.9,62.6,0.524,19.7,25.2,0.782,13.1,35.6,48.6,23.0,7.4,5.9,15.9,20.6,110.2
2014-15 Oklahoma City Thunder,241.8,38.8,86.8,0.447,7.7,22.7,0.339,31.1,64.1,0.486,18.6,24.6,0.754,12.8,34.7,47.5,20.5,7.3,5.5,14.7,22.3,104.0
2013-14 Oklahoma City Thunder,241.5,39.0,82.7,0.471,8.1,22.4,0.361,30.9,60.3,0.512,20.2,25.0,0.806,10.8,33.9,44.7,21.9,8.3,6.1,15.3,22.7,106.2
2012-13 Oklahoma City Thunder,241.8,38.1,79.3,0.481,7.3,19.4,0.377,30.8,60.0,0.514,22.2,26.8,0.828,10.4,33.2,43.6,21.4,8.3,7.6,15.3,20.2,105.7
2011-12 Oklahoma City Thunder,242.3,37.3,79.2,0.471,7.2,20.0,0.358,30.2,59.3,0.509,21.3,26.4,0.806,11.0,32.7,43.7,18.5,7.5,8.2,16.3,20.5,103.1
2010-11 Oklahoma City Thunder,244.0,37.4,80.6,0.464,5.9,17.1,0.347,31.5,63.5,0.495,24.1,29.3,0.823,11.0,31.8,42.8,20.4,8.0,5.9,14.1,22.4,104.8
2009-10 Oklahoma City Thunder,241.5,37.4,80.8,0.462,5.1,15.0,0.34,32.3,65.9,0.49,21.7,27.0,0.805,11.7,31.8,43.5,20.0,8.0,5.9,15.0,21.3,101.5
2008-09 Oklahoma City Thunder,241.5,36.6,81.9,0.447,4.0,11.6,0.346,32.6,70.3,0.463,19.8,25.2,0.786,12.2,30.5,42.6,20.3,7.4,4.5,16.2,20.2,97.0
2023-24 Indiana Pacers,240.3,47.0,92.7,0.507,13.2,35.3,0.374,33.8,57.4,0.589,16.1,20.5,0.782,10.1,31.4,41.5,30.8,7.7,5.9,12.9,21.4,123.3
2022-23 Indiana Pacers,240.9,42.0,89.6,0.469,13.6,37.0,0.367,28.4,52.6,0.54,18.7,23.7,0.79,10.1,31.4,41.5,27.0,7.7,5.8,14.9,21.2,116.3
2021-22 Indiana Pacers,242.4,41.4,89.5,0.463,12.2,35.4,0.344,29.3,54.1,0.541,16.4,21.4,0.768,11.3,32.6,43.9,25.4,7.1,5.6,14.4,20.4,111.5
2020-21 Indiana Pacers,242.4,43.3,91.2,0.474,12.3,34.0,0.364,30.9,57.3,0.54,16.4,20.7,0.792,9.0,33.7,42.7,27.4,8.5,6.4,13.5,20.2,115.3
2019-20 Indiana Pacers,241.4,42.1,88.5,0.476,10.2,28.0,0.363,31.9,60.4,0.529,15.0,19.1,0.787,8.7,34.1,42.8,25.9,7.4,5.2,13.2,19.8,109.4
2018-19 Indiana Pacers,240.3,41.3,87.0,0.475,9.5,25.4,0.374,31.8,61.6,0.517,15.8,21.1,0.752,9.3,33.7,43.0,26.0,8.7,4.9,13.7,19.4,108.0
2017-18 Indiana Pacers,240.9,40.8,86.4,0.472,9.0,24.5,0.369,31.8,61.9,0.513,14.9,19.2,0.779,9.6,32.7,42.3,22.2,8.8,4.1,13.3,18.8,105.6
2016-17 Indiana Pacers,242.1,39.3,84.5,0.465,8.6,23.0,0.376,30.6,61.5,0.498,17.9,22.1,0.81,9.0,33.0,42.0,22.5,8.2,5.0,13.8,19.5,105.1
2015-16 Indiana Pacers,242.4,38.3,85.2,0.45,8.1,23.0,0.351,30.2,62.1,0.486,17.4,22.8,0.764,10.3,33.9,44.2,21.2,9.0,4.8,14.9,20.0,102.2
2014-15 Indiana Pacers,242.1,36.6,83.2,0.439,7.5,21.2,0.352,29.1,62.0,0.469,16.7,22.2,0.756,10.4,34.4,44.9,21.4,6.2,4.6,14.0,21.2,97.3
2013-14 Indiana Pacers,241.2,36.0,80.2,0.449,6.7,18.8,0.357,29.3,61.4,0.477,18.1,23.3,0.779,10.2,34.5,44.7,20.1,6.7,5.4,15.1,20.4,96.7
2012-13 Indiana Pacers,241.9,35.1,80.6,0.436,6.9,19.7,0.347,28.3,60.8,0.465,17.6,23.6,0.746,12.9,33.0,45.9,20.3,7.2,6.3,15.1,20.0,94.7
2011-12 Indiana Pacers,242.3,35.7,81.4,0.438,5.9,16.1,0.368,29.7,65.3,0.455,20.4,26.1,0.782,12.5,31.4,43.9,18.6,7.9,5.4,14.0,21.7,97.7
2010-11 Indiana Pacers,241.2,36.6,82.8,0.442,7.1,20.2,0.354,29.5,62.6,0.471,19.4,24.8,0.782,11.1,32.4,43.5,19.6,7.1,5.6,15.4,21.7,99.8
2009-10 Indiana Pacers,240.3,36.8,83.2,0.443,8.0,23.1,0.348,28.8,60.1,0.479,19.1,24.6,0.775,9.6,31.9,41.5,21.1,7.1,5.4,15.0,22.5,100.8
2008-09 Indiana Pacers,241.8,39.3,86.3,0.455,8.0,21.0,0.378,31.3,65.3,0.48,18.6,23.0,0.807,11.3,32.5,43.7,21.6,7.0,5.3,14.5,23.1,105.1
2007-08 Indiana Pacers,240.9,37.8,85.3,0.444,9.2,24.6,0.374,28.6,60.6,0.472,19.1,24.9,0.768,11.0,32.1,43.1,22.7,7.6,5.0,15.1,23.4,104.0
2006-07 Indiana Pacers,241.2,35.0,80.0,0.438,5.9,16.9,0.346,29.2,63.1,0.462,19.7,25.9,0.76,12.1,29.8,41.8,20.5,7.3,5.5,16.3,23.3,95.6
2005-06 Indiana Pacers,240.6,34.0,76.5,0.444,6.5,18.7,0.349,27.4,57.8,0.475,19.4,26.3,0.737,11.0,31.2,42.2,19.9,7.3,5.0,15.3,22.2,93.9
2004-05 Indiana Pacers,242.7,32.5,75.2,0.432,6.6,19.2,0.344,25.9,56.0,0.463,21.3,26.9,0.792,10.6,29.5,40.1,18.2,7.5,4.4,14.3,23.0,93.0
2003-04 Indiana Pacers,241.5,33.6,77.1,0.435,5.5,15.6,0.351,28.1,61.5,0.457,18.8,24.6,0.764,11.8,29.9,41.7,21.6,8.9,5.0,14.4,20.8,91.4
2002-03 Indiana Pacers,242.7,35.5,80.6,0.441,4.6,13.6,0.339,30.9,66.9,0.461,21.2,27.7,0.766,12.2,32.0,44.2,23.3,8.5,5.4,14.8,22.1,96.8
2001-02 Indiana Pacers,242.7,35.8,80.2,0.446,4.9,14.6,0.339,30.9,65.7,0.47,20.3,26.3,0.772,11.3,31.3,42.7,23.0,8.0,5.3,15.2,22.9,96.8
2000-01 Indiana Pacers,243.7,34.5,78.4,0.44,4.8,14.1,0.342,29.7,64.3,0.461,18.8,24.5,0.766,11.2,31.6,42.9,21.5,6.9,5.9,15.2,23.5,92.6
1999-00 Indiana Pacers,240.6,37.2,81.0,0.459,7.1,18.1,0.392,30.0,62.8,0.478,19.9,24.5,0.811,10.3,31.9,42.1,22.6,6.8,5.1,14.1,21.8,101.3
1998-99 Indiana Pacers,242.0,34.6,77.3,0.448,5.9,16.0,0.368,28.7,61.3,0.469,19.5,24.6,0.796,11.5,29.0,40.5,20.1,6.3,4.5,13.0,21.6,94.7
1997-98 Indiana Pacers,241.8,35.6,75.9,0.469,4.9,12.5,0.39,30.7,63.3,0.485,19.9,26.0,0.764,10.7,28.6,39.3,23.0,7.9,4.5,14.2,22.7,96.0
1996-97 Indiana Pacers,243.0,34.8,76.3,0.456,5.2,13.8,0.381,29.5,62.5,0.472,20.6,28.5,0.722,12.5,29.1,41.7,21.3,7.1,4.8,16.3,24.1,95.4
1995-96 Indiana Pacers,240.9,36.3,75.7,0.48,4.4,11.9,0.373,31.9,63.8,0.5,22.2,29.5,0.755,12.3,27.6,39.9,23.4,7.1,3.9,16.3,24.8,99.3
1994-95 Indiana Pacers,241.2,36.4,76.2,0.477,4.6,12.0,0.38,31.8,64.2,0.496,21.9,29.1,0.751,12.8,27.9,40.7,22.9,8.6,4.4,16.3,23.6,99.2
1993-94 Indiana Pacers,240.9,38.6,79.5,0.486,2.2,6.1,0.368,36.4,73.4,0.496,21.5,29.1,0.738,13.8,29.4,43.2,25.1,8.6,5.6,17.6,24.1,101.0
1992-93 Indiana Pacers,240.9,41.1,85.6,0.48,3.1,9.6,0.326,38.0,76.0,0.5,22.4,29.3,0.766,14.9,29.9,44.8,26.1,7.5,4.9,15.3,24.9,107.8
1991-92 Indiana Pacers,243.4,42.7,86.3,0.494,4.1,11.5,0.354,38.6,74.9,0.516,22.8,28.8,0.79,13.2,31.3,44.5,29.2,8.6,4.8,17.1,26.1,112.2
1990-91 Indiana Pacers,241.5,42.1,85.3,0.493,3.0,9.1,0.332,39.0,76.2,0.513,24.5,30.2,0.811,12.4,29.0,41.4,26.6,8.0,4.4,16.5,25.5,111.7
1989-90 Indiana Pacers,242.4,41.2,83.0,0.497,3.6,9.4,0.382,37.6,73.6,0.511,23.2,28.5,0.816,11.5,29.1,40.6,24.7,6.7,4.3,16.4,24.0,109.3
1988-89 Indiana Pacers,242.1,41.3,84.7,0.487,2.5,7.5,0.328,38.8,77.2,0.503,21.9,27.7,0.789,13.0,30.5,43.4,24.5,6.9,5.1,18.9,25.7,106.9
1987-88 Indiana Pacers,240.3,41.9,87.2,0.48,2.0,5.9,0.336,39.9,81.3,0.491,18.9,24.2,0.78,13.1,30.0,43.1,24.1,7.5,4.2,16.1,24.9,104.6
1986-87 Indiana Pacers,243.0,42.1,89.3,0.472,1.1,3.9,0.297,41.0,85.5,0.479,20.7,26.5,0.782,13.8,30.0,43.9,26.5,8.5,3.8,15.6,25.6,106.1
1985-86 Indiana Pacers,240.9,42.0,87.2,0.481,0.3,1.7,0.161,41.7,85.5,0.488,19.7,26.6,0.739,13.9,31.9,45.7,26.3,8.0,4.6,18.5,26.0,103.9
1984-85 Indiana Pacers,241.2,42.5,89.3,0.476,0.4,1.9,0.194,42.2,87.4,0.482,22.8,30.7,0.744,14.6,32.0,46.6,23.7,7.6,4.5,19.8,27.3,108.3
1983-84 Indiana Pacers,241.2,42.0,87.0,0.483,0.6,2.5,0.232,41.5,84.4,0.491,19.8,25.8,0.766,12.2,29.2,41.5,26.5,10.2,4.9,18.6,25.1,104.5
1982-83 Indiana Pacers,241.8,45.2,94.2,0.48,0.6,2.9,0.212,44.6,91.3,0.488,17.6,23.3,0.758,15.8,28.0,43.8,26.2,9.2,5.0,18.7,25.4,108.7
1981-82 Indiana Pacers,241.8,40.6,87.4,0.465,1.3,3.9,0.326,39.4,83.5,0.472,19.7,26.5,0.741,13.9,28.9,42.8,23.1,9.2,6.0,17.0,24.9,102.2
1980-81 Indiana Pacers,240.6,42.6,88.4,0.482,0.4,2.1,0.178,42.2,86.3,0.489,22.1,31.0,0.715,16.2,27.6,43.8,25.5,10.2,5.9,18.2,24.5,107.6
1979-80 Indiana Pacers,242.1,44.4,93.8,0.473,1.1,3.8,0.28,43.3,89.9,0.481,21.4,28.5,0.751,17.0,28.4,45.4,26.2,11.0,6.5,18.5,24.1,111.2
2023-24 Philadelphia 76ers,241.2,41.5,89.4,0.464,12.1,33.3,0.363,29.4,56.1,0.525,19.5,23.6,0.826,11.0,31.9,43.0,24.9,8.5,6.0,12.0,20.3,114.6
2022-23 Philadelphia 76ers,242.4,40.8,83.8,0.487,12.6,32.6,0.387,28.2,51.2,0.551,21.0,25.1,0.835,8.7,32.2,40.9,25.2,7.7,4.7,13.7,20.4,115.2
2021-22 Philadelphia 76ers,241.5,39.4,84.5,0.466,11.6,31.8,0.364,27.8,52.7,0.527,19.6,23.8,0.821,8.5,33.8,42.3,23.7,7.7,5.3,12.5,19.4,109.9
2020-21 Philadelphia 76ers,242.1,41.4,86.9,0.476,11.3,30.1,0.374,30.1,56.8,0.531,19.6,25.5,0.767,10.0,35.0,45.1,23.7,9.1,6.2,14.4,20.2,113.6
2019-20 Philadelphia 76ers,241.0,41.1,87.9,0.468,11.6,31.6,0.368,29.5,56.3,0.524,16.9,22.4,0.755,10.5,35.0,45.4,25.8,8.0,5.3,14.2,20.9,110.7
2018-19 Philadelphia 76ers,241.5,41.5,88.2,0.471,10.8,30.2,0.359,30.7,58.0,0.529,21.2,27.5,0.771,10.9,36.9,47.8,26.9,7.4,5.3,14.9,21.3,115.2
2017-18 Philadelphia 76ers,241.2,40.8,86.6,0.472,11.0,29.8,0.369,29.9,56.7,0.526,17.1,22.8,0.752,10.9,36.5,47.4,27.1,8.3,5.1,16.5,22.1,109.8
2016-17 Philadelphia 76ers,241.8,37.7,85.3,0.442,10.1,29.8,0.34,27.5,55.5,0.496,17.0,22.0,0.771,9.8,33.0,42.8,23.8,8.4,5.1,16.7,21.9,102.4
2015-16 Philadelphia 76ers,241.5,36.2,84.0,0.431,9.3,27.5,0.339,26.9,56.5,0.476,15.7,22.6,0.694,9.5,31.8,41.2,21.5,8.3,6.0,16.4,21.7,97.4
2014-15 Philadelphia 76ers,241.5,33.7,82.6,0.408,8.4,26.3,0.32,25.3,56.3,0.449,16.1,23.8,0.676,11.9,30.9,42.9,20.5,9.6,5.9,17.7,21.7,92.0
2013-14 Philadelphia 76ers,242.1,37.9,87.2,0.435,7.0,22.5,0.312,30.9,64.7,0.477,16.6,23.4,0.71,11.6,31.2,42.7,21.8,9.3,4.0,16.9,22.5,99.5
2012-13 Philadelphia 76ers,240.9,37.3,84.1,0.444,6.3,17.5,0.36,31.0,66.5,0.466,12.2,16.8,0.729,10.9,30.4,41.3,22.8,7.4,4.7,13.0,18.4,93.2
2011-12 Philadelphia 76ers,241.1,37.4,83.6,0.448,5.3,14.6,0.362,32.2,69.0,0.466,13.5,18.2,0.742,10.7,32.5,43.2,22.0,8.0,5.2,11.2,17.5,93.6
2010-11 Philadelphia 76ers,243.0,38.1,82.6,0.461,5.4,15.2,0.355,32.7,67.4,0.485,17.4,22.6,0.77,10.4,31.4,41.8,22.7,7.6,4.3,13.0,19.4,99.0
2009-10 Philadelphia 76ers,241.5,37.6,81.8,0.46,5.8,16.8,0.343,31.9,64.9,0.491,16.7,22.0,0.756,11.5,29.5,41.0,21.0,8.1,5.4,14.5,20.5,97.7
2008-09 Philadelphia 76ers,240.9,36.5,79.7,0.459,4.2,13.1,0.318,32.4,66.6,0.486,20.1,27.0,0.745,12.7,28.5,41.2,20.1,8.0,5.1,14.1,20.1,97.4
2007-08 Philadelphia 76ers,240.9,37.3,81.1,0.46,3.7,11.6,0.317,33.6,69.5,0.483,18.4,26.1,0.706,13.0,28.9,41.9,20.4,8.7,4.9,14.3,19.8,96.6
2006-07 Philadelphia 76ers,242.4,35.8,78.1,0.458,3.5,10.0,0.345,32.3,68.1,0.474,20.0,26.0,0.767,11.0,28.7,39.7,20.4,7.2,4.8,15.3,20.4,94.9
2005-06 Philadelphia 76ers,242.7,36.6,79.8,0.458,4.6,12.6,0.364,32.0,67.3,0.476,21.6,28.4,0.76,10.6,29.6,40.2,20.2,7.9,4.9,14.1,20.9,99.4
2004-05 Philadelphia 76ers,242.1,35.9,82.1,0.437,6.2,17.7,0.348,29.8,64.4,0.462,21.1,26.8,0.789,11.1,30.9,42.0,20.9,9.2,3.9,15.5,22.9,99.1
2003-04 Philadelphia 76ers,242.1,32.7,76.3,0.428,4.1,12.1,0.342,28.6,64.2,0.445,18.4,24.5,0.753,11.5,29.4,40.8,20.0,8.0,4.4,15.9,20.7,88.0
2002-03 Philadelphia 76ers,242.1,36.3,81.0,0.448,3.0,9.6,0.311,33.3,71.4,0.466,21.3,27.5,0.775,12.7,29.5,42.2,21.6,10.3,3.5,14.8,22.0,96.8
2001-02 Philadelphia 76ers,240.6,34.2,78.5,0.436,2.6,8.7,0.299,31.6,69.8,0.453,20.0,25.7,0.779,13.3,30.9,44.2,20.0,8.6,4.4,15.3,20.1,91.0
2000-01 Philadelphia 76ers,242.1,35.4,79.1,0.447,3.2,9.8,0.326,32.2,69.3,0.464,20.7,27.8,0.745,13.1,31.7,44.8,20.6,8.4,5.0,15.8,20.4,94.7
1999-00 Philadelphia 76ers,241.8,36.5,82.6,0.442,2.5,7.8,0.323,34.0,74.8,0.454,19.2,27.1,0.708,14.0,30.1,44.1,22.2,9.6,4.7,15.7,23.6,94.8
1998-99 Philadelphia 76ers,243.0,33.1,77.7,0.426,2.0,7.4,0.264,31.2,70.2,0.444,21.5,29.7,0.722,14.6,28.6,43.1,18.7,10.8,5.4,16.4,23.0,89.7
1997-98 Philadelphia 76ers,240.9,34.6,78.2,0.443,3.0,9.9,0.3,31.6,68.3,0.463,21.1,28.7,0.737,13.7,28.0,41.7,21.1,8.9,6.0,16.5,22.9,93.3
1996-97 Philadelphia 76ers,241.2,36.6,83.5,0.438,5.3,16.5,0.319,31.3,67.0,0.468,21.7,29.9,0.725,15.5,28.7,44.2,20.7,8.3,4.8,17.5,21.1,100.2
1995-96 Philadelphia 76ers,240.6,34.1,78.3,0.436,6.0,17.5,0.342,28.1,60.7,0.463,20.3,27.6,0.734,12.6,26.4,38.9,19.9,7.8,5.1,17.2,21.7,94.5
1994-95 Philadelphia 76ers,241.5,36.0,80.2,0.448,4.3,11.4,0.379,31.6,68.8,0.46,19.1,25.9,0.737,13.5,27.2,40.7,19.1,7.8,7.0,16.5,22.4,95.4
1993-94 Philadelphia 76ers,241.5,37.8,83.2,0.455,3.9,11.5,0.338,34.0,71.7,0.474,18.4,25.8,0.714,12.3,29.2,41.5,22.3,8.1,6.4,16.7,18.1,98.0
1992-93 Philadelphia 76ers,243.0,39.3,86.3,0.456,4.0,11.5,0.351,35.3,74.8,0.472,21.7,27.5,0.786,12.6,29.6,42.2,24.9,8.2,6.9,16.6,19.6,104.3
1991-92 Philadelphia 76ers,240.9,38.9,82.5,0.471,2.8,8.3,0.334,36.1,74.2,0.487,21.4,27.6,0.775,12.9,28.2,41.1,21.4,8.4,5.9,15.1,19.3,101.9
1990-91 Philadelphia 76ers,244.9,40.1,84.5,0.475,2.4,7.5,0.316,37.7,76.9,0.491,22.8,28.9,0.79,12.0,30.4,42.4,22.2,8.3,5.8,15.0,19.9,105.4
1989-90 Philadelphia 76ers,241.5,41.9,85.7,0.489,2.3,6.6,0.348,39.6,79.1,0.501,24.1,30.6,0.788,13.5,29.3,42.9,23.6,8.4,4.5,14.7,20.7,110.2
1988-89 Philadelphia 76ers,241.2,42.7,87.8,0.486,2.5,7.9,0.316,40.2,79.9,0.503,24.0,30.5,0.787,13.9,28.7,42.7,25.7,8.4,4.3,14.8,21.0,111.9
1987-88 Philadelphia 76ers,242.7,39.2,82.7,0.474,1.9,5.7,0.323,37.3,77.0,0.485,25.5,33.3,0.764,14.9,28.1,43.0,23.1,8.2,5.7,17.5,22.8,105.7
1986-87 Philadelphia 76ers,242.4,40.7,82.8,0.491,1.1,4.1,0.259,39.6,78.7,0.503,24.0,31.9,0.753,14.4,28.4,42.7,23.7,9.4,6.6,18.5,21.6,106.5
1985-86 Philadelphia 76ers,242.7,41.9,86.1,0.487,0.6,2.7,0.228,41.3,83.3,0.495,26.0,34.3,0.758,16.2,29.0,45.2,24.6,10.5,6.0,19.5,21.9,110.4
1984-85 Philadelphia 76ers,241.5,42.0,85.3,0.492,0.7,2.7,0.263,41.3,82.5,0.5,28.2,35.2,0.803,15.9,28.8,44.7,24.4,10.0,6.5,19.2,24.0,112.9
1983-84 Philadelphia 76ers,243.4,41.3,83.3,0.495,0.4,1.3,0.271,40.9,82.0,0.499,24.9,33.0,0.754,14.4,29.0,43.5,24.8,9.8,8.0,19.9,24.9,107.8
1982-83 Philadelphia 76ers,241.8,43.9,88.0,0.499,0.3,1.3,0.229,43.6,86.6,0.503,24.0,32.3,0.742,16.3,31.7,47.9,24.6,9.9,7.0,19.8,24.9,112.1
1981-82 Philadelphia 76ers,242.1,44.1,85.0,0.518,0.5,1.7,0.295,43.6,83.4,0.523,22.5,30.1,0.747,12.6,29.1,41.7,27.6,10.4,7.6,18.0,26.6,111.2
1980-81 Philadelphia 76ers,242.1,44.3,86.3,0.514,0.2,1.0,0.226,44.1,85.2,0.518,22.7,29.6,0.768,13.3,31.9,45.2,28.9,10.5,7.2,20.8,25.1,111.7
1979-80 Philadelphia 76ers,242.1,43.0,87.3,0.492,0.3,1.5,0.216,42.6,85.7,0.497,22.9,29.6,0.772,14.5,32.1,46.6,27.1,9.7,8.0,20.8,22.7,109.1
2023-24 Phoenix Suns,241.2,42.5,86.1,0.493,12.4,32.6,0.382,30.0,53.6,0.561,18.9,23.4,0.808,10.1,33.9,44.1,27.0,7.4,6.0,14.9,18.0,116.2
2022-23 Phoenix Suns,241.2,42.1,90.1,0.467,12.2,32.6,0.374,29.9,57.5,0.52,17.2,21.7,0.793,11.8,32.4,44.2,27.3,7.1,5.3,13.5,21.2,113.6
2021-22 Phoenix Suns,240.6,43.7,90.1,0.485,11.6,31.9,0.364,32.1,58.2,0.551,15.9,19.9,0.797,9.8,35.5,45.3,27.4,8.6,4.4,12.9,19.9,114.8
2020-21 Phoenix Suns,242.8,43.3,88.3,0.49,13.1,34.6,0.378,30.3,53.7,0.563,15.6,18.7,0.834,8.8,34.2,42.9,26.9,7.2,4.3,12.5,19.1,115.3
2019-20 Phoenix Suns,241.0,41.2,88.1,0.468,11.4,31.8,0.358,29.8,56.3,0.529,19.9,23.8,0.834,9.8,33.8,43.5,27.2,7.7,4.0,14.8,22.0,113.6
2018-19 Phoenix Suns,242.4,40.1,87.4,0.459,9.6,29.3,0.329,30.5,58.1,0.525,17.6,22.7,0.779,9.1,31.3,40.4,23.9,9.0,5.1,15.6,23.6,107.5
2017-18 Phoenix Suns,240.3,38.5,87.1,0.442,9.3,27.9,0.334,29.1,59.2,0.492,17.7,23.9,0.741,10.3,33.9,44.1,21.3,6.9,4.5,15.7,22.0,103.9
2016-17 Phoenix Suns,241.8,39.9,88.5,0.45,7.5,22.6,0.332,32.4,65.9,0.491,20.4,26.3,0.776,11.9,33.1,45.0,19.6,8.2,4.9,15.4,24.8,107.7
2015-16 Phoenix Suns,240.3,37.2,85.6,0.435,9.0,25.8,0.348,28.2,59.8,0.472,17.5,23.2,0.751,11.5,33.3,44.8,20.7,7.7,3.8,17.2,22.7,100.9
2014-15 Phoenix Suns,242.4,38.8,85.8,0.452,8.5,25.0,0.341,30.2,60.9,0.497,16.4,21.5,0.76,10.9,32.2,43.2,20.2,8.5,4.7,15.1,21.3,102.4
2013-14 Phoenix Suns,240.9,38.7,83.5,0.463,9.3,25.1,0.372,29.4,58.4,0.503,18.5,24.4,0.758,11.3,31.7,43.0,19.1,8.4,4.6,15.3,21.9,105.2
2012-13 Phoenix Suns,241.5,37.3,84.4,0.443,5.9,17.7,0.33,31.5,66.6,0.473,14.7,19.7,0.744,11.7,29.9,41.6,22.6,8.0,5.3,15.6,20.6,95.2
2011-12 Phoenix Suns,240.0,37.8,82.5,0.458,6.7,19.6,0.343,31.1,62.9,0.494,16.0,21.2,0.757,10.9,30.8,41.7,22.5,6.5,5.5,14.1,18.7,98.4
2010-11 Phoenix Suns,244.0,39.3,83.5,0.47,8.5,22.6,0.377,30.7,60.8,0.505,18.0,23.6,0.759,10.0,30.2,40.2,23.7,6.6,4.4,14.3,20.3,105.0
2009-10 Phoenix Suns,240.6,40.7,82.8,0.492,8.9,21.6,0.412,31.8,61.2,0.52,19.9,25.8,0.77,11.1,31.9,43.0,23.3,5.8,5.1,14.8,20.9,110.2
2008-09 Phoenix Suns,240.9,41.1,81.6,0.504,6.7,17.6,0.383,34.4,64.0,0.537,20.4,27.5,0.744,11.0,30.7,41.7,23.2,7.2,5.1,15.7,20.6,109.4
2007-08 Phoenix Suns,241.2,41.4,82.7,0.5,8.5,21.5,0.393,32.9,61.2,0.538,18.9,24.1,0.783,8.8,32.7,41.5,26.7,6.5,6.3,14.4,19.9,110.1
2006-07 Phoenix Suns,242.7,41.3,83.6,0.494,9.6,24.0,0.399,31.7,59.6,0.532,18.0,22.3,0.808,9.0,31.5,40.5,25.9,6.7,4.8,14.5,20.2,110.2
2005-06 Phoenix Suns,243.4,41.8,87.4,0.479,10.2,25.6,0.399,31.6,61.8,0.511,14.5,18.0,0.806,9.5,32.3,41.8,26.6,6.7,5.0,13.3,20.5,108.4
2004-05 Phoenix Suns,241.2,40.9,85.6,0.477,9.7,24.7,0.393,31.2,60.9,0.512,19.0,25.4,0.748,11.8,32.3,44.1,23.5,7.0,5.5,13.7,19.1,110.4
2003-04 Phoenix Suns,240.6,36.1,81.4,0.443,5.1,14.7,0.345,31.0,66.7,0.465,17.0,22.7,0.746,11.3,29.3,40.6,19.3,9.0,4.7,15.2,22.7,94.2
2002-03 Phoenix Suns,241.5,36.6,82.6,0.443,4.8,14.0,0.343,31.8,68.6,0.464,17.4,23.5,0.742,12.8,29.8,42.5,21.0,8.1,4.9,14.7,22.0,95.5
2001-02 Phoenix Suns,241.8,37.8,84.6,0.447,4.4,13.4,0.327,33.4,71.2,0.469,15.2,19.9,0.767,13.1,29.6,42.7,22.4,8.1,4.9,14.7,21.8,95.1
2000-01 Phoenix Suns,241.5,35.9,82.4,0.436,4.0,12.9,0.315,31.9,69.5,0.458,18.2,24.1,0.755,11.8,30.8,42.7,23.2,9.5,5.2,15.2,22.7,94.0
1999-00 Phoenix Suns,241.5,37.7,82.6,0.457,5.6,15.2,0.368,32.1,67.4,0.477,17.9,23.6,0.759,12.5,31.2,43.7,25.6,9.1,5.3,16.7,24.1,98.9
1998-99 Phoenix Suns,241.0,35.9,80.1,0.449,5.2,14.0,0.372,30.7,66.0,0.465,18.5,24.3,0.76,12.0,28.4,40.3,25.0,8.9,4.0,13.6,20.4,95.6
1997-98 Phoenix Suns,243.4,38.3,81.8,0.468,5.3,14.8,0.356,33.0,67.1,0.492,17.8,23.8,0.749,12.1,29.9,42.0,25.9,9.2,5.2,15.1,21.5,99.6
1996-97 Phoenix Suns,242.1,38.3,81.8,0.469,6.4,17.4,0.369,31.9,64.4,0.496,19.7,25.9,0.761,11.2,29.0,40.1,25.2,8.1,3.9,14.4,21.1,102.8
1995-96 Phoenix Suns,243.4,38.5,81.4,0.473,4.0,12.0,0.332,34.5,69.4,0.498,23.3,30.1,0.771,12.3,30.5,42.8,24.4,7.6,4.0,14.7,21.7,104.3
1994-95 Phoenix Suns,241.8,40.9,85.0,0.482,7.1,19.3,0.369,33.8,65.6,0.515,21.7,28.7,0.756,12.5,29.3,41.8,26.8,8.4,3.8,14.2,22.4,110.6
1993-94 Phoenix Suns,240.3,41.8,86.3,0.484,4.2,12.7,0.33,37.6,73.6,0.511,20.4,28.1,0.728,14.9,29.9,44.8,27.6,9.1,5.6,15.9,20.0,108.2
1992-93 Phoenix Suns,240.6,42.6,86.5,0.493,4.9,13.4,0.363,37.8,73.1,0.516,23.3,31.0,0.753,13.9,30.6,44.5,25.5,9.2,5.5,16.6,21.2,113.4
1991-92 Phoenix Suns,241.5,43.3,88.0,0.492,2.8,7.3,0.381,40.6,80.8,0.502,22.7,29.2,0.776,13.3,31.2,44.5,26.9,8.2,7.1,15.1,22.6,112.1
1990-91 Phoenix Suns,240.6,43.6,87.8,0.496,1.7,5.3,0.319,41.9,82.5,0.508,25.2,32.7,0.77,13.8,31.7,45.5,26.9,8.4,6.5,15.9,22.6,114.0
1989-90 Phoenix Suns,242.1,43.2,87.1,0.496,2.1,6.6,0.324,41.1,80.4,0.511,26.3,33.1,0.795,12.8,32.3,45.2,25.7,8.1,6.1,15.5,22.3,114.9
1988-89 Phoenix Suns,240.9,45.8,92.0,0.498,2.0,5.9,0.349,43.7,86.1,0.508,25.0,31.6,0.791,13.4,31.9,45.3,27.8,8.5,5.1,15.6,23.6,118.6
1987-88 Phoenix Suns,240.6,43.3,89.0,0.486,1.4,4.4,0.331,41.9,84.7,0.494,20.5,26.8,0.764,13.6,29.0,42.6,28.4,8.2,4.3,17.2,24.9,108.5
1986-87 Phoenix Suns,242.1,43.6,87.7,0.497,0.7,3.1,0.242,42.9,84.6,0.506,23.2,30.5,0.76,13.6,28.9,42.4,28.7,8.6,4.8,18.3,25.0,111.1
1985-86 Phoenix Suns,241.5,42.9,85.3,0.503,0.5,2.2,0.208,42.4,83.0,0.511,23.8,32.7,0.726,12.6,29.9,42.5,27.7,9.4,4.6,21.5,27.6,110.0
1984-85 Phoenix Suns,241.5,42.8,87.1,0.491,1.1,3.7,0.283,41.7,83.4,0.5,21.4,27.8,0.771,12.5,29.6,42.1,28.5,8.9,4.3,19.3,24.8,108.0
1983-84 Phoenix Suns,241.2,44.8,88.0,0.509,0.9,3.5,0.254,43.9,84.5,0.52,20.4,26.9,0.759,13.0,28.0,41.0,27.0,8.5,4.7,17.7,26.2,111.0
1982-83 Phoenix Suns,240.6,43.4,87.3,0.497,0.5,1.9,0.253,42.9,85.4,0.502,19.8,26.7,0.743,13.3,30.7,44.0,28.0,9.1,6.0,18.8,25.1,107.0
1981-82 Phoenix Suns,241.8,42.8,87.1,0.491,0.7,2.1,0.31,42.1,85.0,0.496,19.9,26.3,0.758,13.7,30.7,44.4,27.1,9.2,5.2,18.6,24.7,106.2
1980-81 Phoenix Suns,240.9,43.7,89.3,0.49,0.4,2.0,0.217,43.3,87.4,0.496,22.1,29.6,0.745,15.0,30.4,45.4,26.9,10.7,5.1,21.1,24.3,110.0
1979-80 Phoenix Suns,240.9,43.5,88.2,0.493,0.8,3.4,0.243,42.7,84.8,0.504,23.2,30.1,0.773,13.1,30.0,43.0,27.8,11.1,4.2,19.9,22.6,111.1
2023-24 Portland Trail Blazers,242.4,39.4,89.7,0.439,11.5,33.2,0.345,27.9,56.5,0.494,16.2,20.5,0.791,12.6,30.1,42.7,23.1,7.6,4.3,15.2,20.2,106.4
2022-23 Portland Trail Blazers,240.6,40.5,85.4,0.474,12.9,35.3,0.365,27.6,50.1,0.55,19.6,24.6,0.796,9.4,31.1,40.5,24.2,6.7,4.6,14.5,20.0,113.4
2021-22 Portland Trail Blazers,240.6,38.5,87.1,0.442,12.7,36.8,0.346,25.8,50.3,0.513,16.4,21.6,0.76,10.4,32.5,42.9,22.9,8.0,4.5,14.5,21.1,106.2
2020-21 Portland Trail Blazers,240.3,41.3,91.1,0.453,15.7,40.8,0.385,25.6,50.3,0.509,17.8,21.6,0.823,10.6,33.9,44.5,21.3,6.9,5.0,11.1,18.9,116.1
2019-20 Portland Trail Blazers,241.0,42.2,91.2,0.463,12.9,34.1,0.377,29.3,57.1,0.514,17.7,22.1,0.804,10.2,35.1,45.3,20.6,6.3,6.1,12.8,21.7,115.0
2018-19 Portland Trail Blazers,242.1,42.3,90.6,0.467,11.0,30.7,0.359,31.3,59.8,0.523,19.0,23.3,0.814,11.8,36.2,48.0,23.0,6.7,5.0,13.8,20.4,114.7
2017-18 Portland Trail Blazers,240.9,39.3,87.0,0.452,10.3,28.1,0.366,29.0,58.8,0.493,16.7,20.9,0.8,10.2,35.3,45.5,19.5,7.0,5.2,13.5,19.5,105.6
2016-17 Portland Trail Blazers,243.0,39.5,86.1,0.459,10.4,27.7,0.375,29.2,58.4,0.499,18.5,23.7,0.78,10.1,33.5,43.7,21.1,7.0,5.0,13.7,21.2,107.9
2015-16 Portland Trail Blazers,241.5,38.6,85.9,0.45,10.5,28.5,0.37,28.1,57.4,0.49,17.4,23.0,0.754,11.6,33.9,45.5,21.3,6.9,4.6,14.6,21.7,105.1
2014-15 Portland Trail Blazers,242.1,38.7,86.0,0.45,9.8,27.2,0.362,28.9,58.8,0.491,15.5,19.4,0.801,10.7,35.1,45.9,21.9,6.4,4.5,13.6,18.2,102.8
2013-14 Portland Trail Blazers,242.1,39.1,87.0,0.45,9.4,25.3,0.372,29.7,61.7,0.481,19.1,23.5,0.815,12.5,34.0,46.4,23.2,5.5,4.7,13.7,19.2,106.7
2012-13 Portland Trail Blazers,242.1,36.7,81.9,0.448,8.2,23.2,0.353,28.5,58.7,0.486,15.9,20.5,0.776,10.7,30.2,40.8,21.8,6.6,4.3,14.7,18.5,97.5
2011-12 Portland Trail Blazers,241.9,36.4,82.1,0.443,7.2,20.9,0.346,29.2,61.1,0.477,17.2,21.6,0.796,11.1,29.5,40.7,20.4,8.0,4.9,14.2,19.0,97.2
2010-11 Portland Trail Blazers,241.5,36.0,80.5,0.447,6.3,18.3,0.345,29.7,62.1,0.477,18.0,22.4,0.804,12.1,27.2,39.3,21.2,8.0,4.4,13.0,19.3,96.3
2009-10 Portland Trail Blazers,242.1,36.3,78.7,0.461,6.0,16.9,0.354,30.3,61.8,0.49,19.6,24.8,0.79,11.1,29.1,40.2,20.4,6.4,4.3,12.3,20.9,98.1
2008-09 Portland Trail Blazers,241.8,36.8,79.2,0.465,7.3,19.0,0.383,29.5,60.2,0.49,18.5,24.2,0.765,12.9,28.8,41.7,20.3,6.7,4.9,12.9,20.4,99.4
2007-08 Portland Trail Blazers,242.7,35.8,79.8,0.448,6.6,17.4,0.377,29.2,62.4,0.468,17.2,22.5,0.767,11.0,29.7,40.7,21.1,5.5,4.4,12.9,20.0,95.4
2006-07 Portland Trail Blazers,243.4,35.0,78.0,0.45,5.2,15.0,0.346,29.9,62.9,0.474,18.8,24.5,0.769,11.3,28.0,39.3,18.5,6.8,4.6,15.1,23.5,94.1
2005-06 Portland Trail Blazers,240.6,34.0,76.4,0.445,4.4,12.7,0.349,29.6,63.7,0.464,16.3,23.7,0.689,10.8,26.9,37.7,18.2,6.5,5.3,14.7,22.3,88.8
2004-05 Portland Trail Blazers,240.6,35.3,78.3,0.451,5.1,14.2,0.362,30.2,64.2,0.471,17.2,23.7,0.725,11.8,29.3,41.1,21.0,7.1,6.6,16.0,20.8,92.9
2003-04 Portland Trail Blazers,243.7,35.3,78.9,0.448,4.6,13.4,0.346,30.7,65.4,0.469,15.4,21.1,0.731,12.7,29.0,41.7,21.6,7.5,5.4,14.8,19.0,90.7
2002-03 Portland Trail Blazers,242.1,36.4,79.2,0.46,4.6,14.0,0.33,31.8,65.1,0.488,17.7,23.7,0.745,12.1,29.0,41.1,22.7,8.8,3.9,15.2,19.9,95.2
2001-02 Portland Trail Blazers,241.8,36.6,81.4,0.45,5.7,16.1,0.354,31.0,65.3,0.474,17.7,23.2,0.763,13.2,29.8,43.0,23.5,8.6,4.5,14.3,19.7,96.6
2000-01 Portland Trail Blazers,241.2,36.6,78.3,0.468,4.5,12.9,0.349,32.1,65.4,0.492,17.6,23.2,0.762,11.7,30.3,42.0,23.9,8.2,5.1,15.3,21.3,95.4
1999-00 Portland Trail Blazers,241.2,36.8,78.4,0.47,5.0,13.8,0.361,31.9,64.7,0.493,18.8,24.7,0.76,11.8,31.2,43.0,23.5,7.7,4.8,15.2,22.7,97.5
1998-99 Portland Trail Blazers,243.5,34.9,79.1,0.442,4.9,13.5,0.364,30.0,65.6,0.457,20.0,27.0,0.743,12.9,31.4,44.3,21.5,8.2,5.8,15.4,22.5,94.8
1997-98 Portland Trail Blazers,241.8,35.2,78.0,0.451,4.0,12.8,0.309,31.2,65.2,0.479,20.0,27.1,0.737,13.2,30.8,44.0,21.5,7.1,5.7,16.9,22.7,94.3
1996-97 Portland Trail Blazers,242.1,36.6,78.8,0.464,6.1,17.1,0.358,30.5,61.8,0.493,19.7,27.6,0.713,12.9,30.4,43.3,20.9,7.8,5.3,16.5,23.5,99.0
1995-96 Portland Trail Blazers,242.7,37.4,81.6,0.458,5.9,16.6,0.353,31.5,65.0,0.485,18.7,28.3,0.662,14.1,31.4,45.6,21.5,7.2,5.1,16.8,22.7,99.3
1994-95 Portland Trail Blazers,240.3,39.2,87.0,0.451,5.6,15.4,0.365,33.6,71.6,0.469,19.0,27.2,0.697,16.5,29.8,46.3,22.5,8.1,5.7,14.8,24.7,103.1
1993-94 Portland Trail Blazers,240.9,41.1,90.6,0.454,3.3,9.4,0.353,37.8,81.2,0.466,21.7,29.2,0.743,15.9,30.0,45.9,25.2,9.1,5.0,14.8,22.3,107.3
1992-93 Portland Trail Blazers,242.7,41.0,89.5,0.458,3.4,10.3,0.326,37.6,79.3,0.475,23.2,31.1,0.745,15.0,30.6,45.5,24.0,9.4,5.2,14.8,23.1,108.5
1991-92 Portland Trail Blazers,242.4,42.4,89.7,0.473,4.0,11.5,0.344,38.4,78.1,0.492,22.7,30.0,0.754,15.8,31.1,46.9,25.2,9.2,5.0,16.2,24.2,111.4
1990-91 Portland Trail Blazers,242.7,43.6,89.9,0.485,4.2,11.0,0.377,39.5,78.8,0.501,23.3,31.0,0.753,14.7,31.2,45.9,27.5,8.8,5.0,16.0,24.1,114.7
1989-90 Portland Trail Blazers,242.4,43.6,92.0,0.473,2.3,6.9,0.336,41.2,85.1,0.484,24.8,33.3,0.743,16.5,31.1,47.6,25.4,9.1,4.4,16.5,25.0,114.2
1988-89 Portland Trail Blazers,241.8,45.1,95.1,0.474,2.6,7.9,0.335,42.4,87.2,0.487,21.8,29.5,0.74,16.9,29.0,45.9,27.0,10.1,4.7,17.5,24.7,114.6
1987-88 Portland Trail Blazers,240.6,44.6,91.0,0.491,1.4,4.6,0.308,43.2,86.3,0.501,25.4,32.9,0.77,15.3,30.4,45.6,28.1,8.9,4.2,16.5,25.5,116.1
1986-87 Portland Trail Blazers,241.5,44.5,88.4,0.504,1.2,4.1,0.289,43.3,84.3,0.514,27.7,35.7,0.775,14.4,29.4,43.8,28.8,9.4,4.7,18.9,25.4,117.9
1985-86 Portland Trail Blazers,242.1,44.0,88.8,0.496,0.9,3.4,0.269,43.1,85.4,0.505,26.1,34.1,0.765,14.1,28.2,42.3,26.6,10.5,4.3,18.6,26.9,115.1
1984-85 Portland Trail Blazers,242.4,45.2,89.9,0.503,0.6,2.5,0.252,44.6,87.5,0.51,24.4,32.5,0.751,14.7,28.0,42.7,27.1,10.0,6.3,18.1,23.9,115.5
1983-84 Portland Trail Blazers,241.5,44.3,87.7,0.505,0.3,1.6,0.194,44.0,86.1,0.511,24.2,32.2,0.754,15.3,26.8,42.0,25.4,9.9,4.8,18.1,26.0,113.1
1982-83 Portland Trail Blazers,240.9,42.2,86.9,0.486,0.4,1.8,0.233,41.8,85.0,0.491,22.6,30.6,0.738,14.4,29.0,43.4,24.8,9.1,4.7,18.2,23.9,107.4
1981-82 Portland Trail Blazers,241.2,44.3,87.6,0.505,0.4,1.7,0.207,43.9,85.9,0.511,21.0,29.1,0.72,13.9,28.7,42.6,25.0,8.6,4.5,17.0,24.5,109.8
1980-81 Portland Trail Blazers,242.1,45.6,91.9,0.496,0.3,1.8,0.169,45.3,90.1,0.503,19.2,26.7,0.718,15.2,29.1,44.3,27.4,9.4,5.9,18.5,24.8,110.7
1979-80 Portland Trail Blazers,241.2,41.6,87.4,0.476,0.3,1.6,0.197,41.2,85.8,0.481,19.0,25.6,0.743,15.8,29.4,45.2,23.1,8.6,5.8,18.9,23.9,102.5
2023-24 Sacramento Kings,242.1,43.3,90.9,0.477,14.4,39.3,0.366,29.0,51.7,0.561,15.5,20.9,0.745,10.8,33.2,44.0,28.3,7.6,4.2,13.1,19.9,116.6
2022-23 Sacramento Kings,241.8,43.6,88.2,0.494,13.8,37.3,0.369,29.8,50.9,0.586,19.8,25.1,0.79,9.5,32.9,42.5,27.3,7.0,3.4,13.5,19.7,120.7
2021-22 Sacramento Kings,241.5,40.5,88.1,0.46,11.4,33.2,0.344,29.1,54.9,0.53,17.9,23.3,0.768,9.6,33.4,42.9,23.7,7.2,4.5,14.1,18.9,110.3
2020-21 Sacramento Kings,240.3,42.6,88.6,0.481,12.1,33.3,0.364,30.5,55.3,0.551,16.4,22.0,0.745,9.4,32.0,41.4,25.5,7.5,5.0,13.4,19.4,113.7
2019-20 Sacramento Kings,242.4,40.9,88.4,0.462,12.7,34.9,0.364,28.2,53.5,0.527,15.7,20.3,0.77,9.7,32.9,42.6,23.8,7.7,4.1,14.5,22.2,110.1
2018-19 Sacramento Kings,240.6,43.2,93.1,0.464,11.3,29.9,0.378,31.9,63.2,0.504,16.5,22.7,0.726,11.0,34.4,45.4,25.4,8.3,4.4,13.4,21.4,114.2
2017-18 Sacramento Kings,240.9,38.8,86.1,0.45,9.0,24.0,0.375,29.8,62.1,0.479,12.3,16.7,0.735,9.5,31.4,40.9,21.6,7.8,4.1,13.7,20.0,98.8
2016-17 Sacramento Kings,242.4,37.9,82.1,0.461,9.0,23.9,0.376,28.9,58.2,0.496,18.1,23.3,0.775,8.7,32.3,41.1,22.5,7.6,4.0,14.6,20.3,102.8
2015-16 Sacramento Kings,241.5,40.0,86.4,0.464,8.0,22.4,0.359,32.0,64.0,0.5,18.5,25.5,0.725,10.6,33.7,44.2,24.5,8.9,4.5,16.2,20.4,106.6
2014-15 Sacramento Kings,242.1,36.7,80.7,0.455,5.6,16.5,0.341,31.1,64.2,0.484,22.3,29.3,0.762,10.9,33.3,44.2,20.3,6.7,4.0,16.3,20.7,101.3
2013-14 Sacramento Kings,241.8,36.9,82.5,0.447,6.0,18.0,0.333,30.9,64.5,0.479,20.7,27.3,0.759,12.1,32.4,44.5,18.9,7.2,3.9,15.2,22.5,100.5
2012-13 Sacramento Kings,241.8,37.6,84.2,0.447,7.4,20.5,0.363,30.2,63.7,0.474,17.5,22.8,0.769,11.5,29.1,40.6,20.8,8.2,4.2,14.6,20.9,100.2
2011-12 Sacramento Kings,241.1,37.7,86.5,0.436,6.2,19.7,0.316,31.5,66.8,0.471,17.1,23.2,0.736,13.4,29.5,42.9,19.3,8.5,4.9,14.4,19.5,98.8
2010-11 Sacramento Kings,242.1,38.2,85.1,0.449,5.2,15.6,0.335,33.0,69.5,0.475,17.7,24.2,0.734,13.1,30.8,43.9,20.4,7.4,4.8,16.1,22.0,99.4
2009-10 Sacramento Kings,242.4,38.3,84.1,0.456,5.9,16.9,0.349,32.5,67.2,0.483,17.4,24.0,0.726,11.9,30.7,42.6,20.5,6.9,4.5,15.0,22.3,100.0
2008-09 Sacramento Kings,242.7,36.5,81.5,0.447,7.1,19.4,0.368,29.3,62.1,0.472,20.5,25.7,0.798,10.2,28.9,39.1,19.7,6.9,4.3,15.4,23.3,100.6
2007-08 Sacramento Kings,241.8,37.1,80.0,0.464,6.2,16.7,0.373,30.9,63.3,0.488,22.1,27.7,0.798,10.1,30.0,40.1,19.1,7.9,4.1,16.1,22.4,102.5
2006-07 Sacramento Kings,241.5,35.9,79.7,0.45,6.5,18.5,0.35,29.4,61.2,0.48,23.1,30.2,0.765,9.7,29.2,38.9,20.3,8.2,3.2,14.6,21.9,101.3
2005-06 Sacramento Kings,241.8,36.0,79.3,0.454,6.0,17.2,0.351,30.0,62.1,0.483,20.8,26.5,0.784,10.4,30.2,40.5,22.3,7.4,3.6,14.6,20.4,98.9
2004-05 Sacramento Kings,242.1,39.1,85.1,0.459,6.4,17.0,0.374,32.7,68.1,0.48,19.2,24.4,0.787,12.5,29.9,42.4,24.5,8.2,3.9,13.1,20.5,103.7
2003-04 Sacramento Kings,241.2,37.8,81.8,0.462,7.3,18.3,0.401,30.5,63.6,0.48,19.8,24.9,0.795,10.8,30.4,41.2,26.2,8.7,4.0,13.9,19.3,102.8
2002-03 Sacramento Kings,241.8,39.5,85.2,0.464,6.0,15.7,0.381,33.5,69.5,0.482,16.7,22.3,0.746,11.0,33.5,44.5,24.8,9.0,5.6,14.5,20.3,101.7
2001-02 Sacramento Kings,240.9,39.8,85.4,0.467,5.2,14.1,0.367,34.6,71.3,0.486,19.7,26.3,0.751,12.4,33.0,45.3,23.9,9.0,4.6,13.8,19.0,104.6
2000-01 Sacramento Kings,244.9,38.2,85.0,0.449,5.8,16.5,0.354,32.4,68.5,0.472,19.5,25.3,0.771,12.0,33.0,45.0,22.6,9.7,5.3,14.9,19.5,101.7
1999-00 Sacramento Kings,241.5,40.0,88.9,0.45,6.5,20.2,0.322,33.4,68.7,0.487,18.5,24.6,0.754,12.9,32.1,45.0,23.8,9.6,4.6,16.2,21.1,105.0
1998-99 Sacramento Kings,244.0,38.4,86.1,0.445,5.8,18.9,0.308,32.6,67.3,0.484,17.7,25.9,0.683,14.1,31.5,45.6,22.6,8.9,4.6,16.8,20.3,100.2
1997-98 Sacramento Kings,240.6,36.1,81.5,0.442,3.5,9.8,0.351,32.6,71.7,0.455,17.6,25.6,0.687,13.3,28.1,41.4,22.4,7.3,5.1,15.5,22.1,93.1
1996-97 Sacramento Kings,242.1,36.6,80.6,0.454,5.0,12.9,0.391,31.5,67.7,0.466,18.2,25.2,0.723,13.4,28.1,41.5,21.9,7.2,4.4,16.2,23.7,96.4
1995-96 Sacramento Kings,240.9,36.2,79.2,0.457,5.6,14.6,0.387,30.6,64.6,0.473,21.5,29.4,0.731,13.6,28.6,42.2,22.3,7.8,5.3,17.6,26.0,99.5
1994-95 Sacramento Kings,242.1,36.9,78.8,0.468,4.4,12.6,0.346,32.5,66.2,0.491,20.1,28.3,0.711,13.1,28.4,41.4,22.2,7.9,5.6,17.7,24.9,98.2
1993-94 Sacramento Kings,240.9,38.8,85.7,0.452,3.1,8.9,0.353,35.6,76.8,0.464,20.4,28.0,0.731,13.7,28.6,42.3,24.7,8.2,4.3,16.3,24.1,101.1
1992-93 Sacramento Kings,241.2,41.0,88.6,0.463,3.2,9.6,0.332,37.8,79.0,0.478,22.7,29.8,0.762,13.9,27.8,41.7,25.3,9.4,4.2,16.6,25.4,107.9
1991-92 Sacramento Kings,241.8,40.8,87.7,0.466,2.9,8.2,0.353,37.9,79.4,0.477,19.7,26.4,0.747,12.9,28.7,41.6,23.9,8.9,7.5,16.6,21.5,104.3
1990-91 Sacramento Kings,240.3,37.6,83.1,0.453,2.6,7.0,0.374,35.0,76.1,0.46,18.8,25.7,0.732,12.5,27.0,39.6,24.3,7.7,6.3,15.5,25.3,96.7
1989-90 Sacramento Kings,240.9,40.3,86.0,0.468,2.6,7.9,0.333,37.7,78.1,0.482,18.5,24.0,0.771,11.6,28.8,40.4,25.0,6.7,4.8,15.1,22.7,101.7
1988-89 Sacramento Kings,241.2,41.0,89.6,0.457,3.7,10.0,0.373,37.3,79.6,0.468,19.8,25.7,0.77,13.9,29.9,43.8,24.0,7.6,5.0,16.7,22.9,105.5
1987-88 Sacramento Kings,241.2,42.2,89.5,0.471,1.8,5.5,0.32,40.4,84.0,0.481,21.9,28.3,0.772,15.0,30.0,45.0,25.8,7.1,6.0,17.8,23.1,108.0
1986-87 Sacramento Kings,241.2,43.0,90.4,0.475,0.9,3.7,0.251,42.0,86.7,0.485,24.1,30.2,0.796,15.6,29.8,45.4,26.6,6.3,4.8,17.1,24.5,110.9
1985-86 Sacramento Kings,241.2,43.1,88.0,0.49,0.4,1.6,0.224,42.8,86.4,0.495,22.2,28.5,0.778,13.8,29.0,42.8,28.1,7.3,4.7,18.7,26.0,108.8
2023-24 San Antonio Spurs,241.8,41.9,90.7,0.462,12.6,36.4,0.347,29.3,54.3,0.539,15.6,20.0,0.782,10.4,33.9,44.2,29.9,7.1,6.3,15.1,17.2,112.1
2022-23 San Antonio Spurs,242.1,43.1,92.6,0.465,11.1,32.2,0.345,32.0,60.4,0.529,15.8,21.2,0.743,11.8,31.9,43.7,27.2,7.0,3.9,15.3,19.9,113.0
2021-22 San Antonio Spurs,241.5,43.2,92.7,0.467,11.3,32.0,0.352,32.0,60.7,0.527,15.4,20.4,0.754,11.0,34.3,45.3,27.9,7.6,4.9,12.7,18.1,113.2
2020-21 San Antonio Spurs,242.8,41.9,90.5,0.462,9.9,28.4,0.35,31.9,62.1,0.514,17.4,22.0,0.792,9.3,34.6,43.9,24.4,7.0,5.1,11.4,18.0,111.1
2019-20 San Antonio Spurs,242.5,42.2,89.4,0.472,10.7,28.5,0.376,31.5,61.0,0.516,19.0,23.4,0.81,9.0,35.6,44.6,24.7,7.3,5.5,12.6,19.4,114.1
2018-19 San Antonio Spurs,241.5,42.3,88.4,0.478,9.9,25.3,0.392,32.4,63.1,0.513,17.2,21.0,0.819,9.2,35.5,44.7,24.5,6.1,4.7,12.1,18.1,111.7
2017-18 San Antonio Spurs,240.6,39.0,85.4,0.457,8.5,24.1,0.352,30.6,61.2,0.499,16.1,20.9,0.772,10.4,33.9,44.2,22.8,7.7,5.6,13.1,17.2,102.7
2016-17 San Antonio Spurs,241.5,39.3,83.7,0.469,9.2,23.5,0.391,30.1,60.2,0.5,17.6,22.0,0.797,10.0,33.9,43.9,23.8,8.0,5.9,13.4,18.3,105.3
2015-16 San Antonio Spurs,240.3,40.1,82.9,0.484,7.0,18.5,0.375,33.2,64.4,0.515,16.4,20.4,0.803,9.4,34.5,43.9,24.5,8.3,5.9,13.1,17.5,103.5
2014-15 San Antonio Spurs,243.4,39.1,83.6,0.468,8.3,22.5,0.367,30.9,61.1,0.505,16.7,21.4,0.78,9.8,33.8,43.6,24.4,8.0,5.4,14.0,19.1,103.2
2013-14 San Antonio Spurs,240.9,40.6,83.5,0.486,8.5,21.4,0.397,32.0,62.0,0.517,15.7,20.0,0.785,9.3,34.0,43.3,25.2,7.4,5.1,14.4,18.2,105.4
2012-13 San Antonio Spurs,242.4,39.1,81.4,0.481,8.1,21.5,0.376,31.1,59.9,0.519,16.6,21.0,0.791,8.1,33.2,41.3,25.1,8.5,5.4,14.7,17.4,103.0
2011-12 San Antonio Spurs,241.5,39.6,82.8,0.478,8.4,21.3,0.393,31.2,61.5,0.507,16.2,21.6,0.748,10.3,32.6,43.0,23.2,7.4,4.4,13.6,17.3,103.7
2010-11 San Antonio Spurs,241.2,38.4,80.8,0.475,8.4,21.1,0.397,30.0,59.8,0.503,18.5,24.2,0.767,10.1,31.7,41.9,22.4,7.3,4.5,13.4,19.0,103.7
2009-10 San Antonio Spurs,241.2,38.4,81.2,0.473,6.8,18.9,0.358,31.7,62.3,0.508,17.8,24.0,0.74,10.8,32.0,42.8,22.3,6.3,4.6,13.6,20.4,101.4
2008-09 San Antonio Spurs,242.7,37.1,79.7,0.466,7.6,19.8,0.386,29.5,59.9,0.492,15.2,20.0,0.761,8.9,32.2,41.0,21.2,5.8,4.0,11.7,18.9,97.0
2007-08 San Antonio Spurs,240.6,35.8,78.3,0.457,7.2,19.6,0.369,28.6,58.7,0.487,16.5,21.6,0.761,9.4,31.9,41.3,21.0,6.4,4.1,12.6,18.7,95.4
2006-07 San Antonio Spurs,241.2,36.6,77.2,0.474,7.3,19.0,0.381,29.3,58.1,0.504,18.1,24.1,0.751,9.3,31.4,40.7,22.1,7.2,5.1,13.9,19.4,98.5
2005-06 San Antonio Spurs,241.5,36.5,77.3,0.472,6.4,16.6,0.385,30.1,60.7,0.496,16.2,23.1,0.702,10.4,31.1,41.5,20.9,6.6,5.7,13.7,20.9,95.6
2004-05 San Antonio Spurs,241.5,35.6,78.7,0.453,6.2,17.0,0.363,29.5,61.6,0.478,18.7,25.9,0.724,12.0,30.4,42.4,21.6,7.5,6.6,13.7,20.9,96.2
2003-04 San Antonio Spurs,240.9,34.7,78.5,0.442,5.0,13.9,0.358,29.7,64.6,0.46,17.2,25.2,0.681,12.5,32.5,45.1,20.4,8.1,6.5,14.7,20.3,91.5
2002-03 San Antonio Spurs,241.8,35.5,76.8,0.462,5.5,15.5,0.354,30.0,61.3,0.489,19.4,26.8,0.725,11.5,31.2,42.6,20.0,7.7,6.5,15.8,20.4,95.8
2001-02 San Antonio Spurs,242.1,35.5,77.6,0.458,5.3,14.8,0.362,30.2,62.8,0.48,20.3,27.4,0.742,11.1,31.3,42.4,20.0,7.6,6.5,14.4,19.2,96.7
2000-01 San Antonio Spurs,241.8,35.2,76.4,0.461,5.4,13.3,0.407,29.7,63.0,0.472,20.4,28.5,0.715,11.0,33.1,44.1,21.7,6.9,7.0,14.0,18.9,96.2
1999-00 San Antonio Spurs,242.1,36.0,78.0,0.462,4.0,10.8,0.374,32.0,67.2,0.476,20.1,27.0,0.746,11.3,32.5,43.8,22.2,7.5,6.7,15.0,20.9,96.2
1998-99 San Antonio Spurs,241.5,34.8,76.2,0.456,3.4,10.4,0.33,31.4,65.8,0.476,19.8,28.3,0.698,12.3,31.7,44.0,22.0,8.4,7.0,15.2,20.2,92.8
1997-98 San Antonio Spurs,241.8,35.3,75.5,0.468,3.7,10.5,0.35,31.7,64.9,0.488,18.2,26.4,0.688,12.0,32.2,44.2,22.4,6.3,6.9,16.1,21.1,92.5
1996-97 San Antonio Spurs,240.6,34.5,77.9,0.442,4.6,14.4,0.32,29.9,63.5,0.47,16.9,23.5,0.719,13.4,26.0,39.4,20.3,7.9,5.3,15.2,21.5,90.5
1995-96 San Antonio Spurs,241.2,38.4,80.5,0.477,6.3,16.1,0.392,32.1,64.4,0.498,20.3,27.6,0.736,11.4,31.5,43.0,24.9,7.9,6.5,14.6,22.2,103.4
1994-95 San Antonio Spurs,242.1,39.5,81.5,0.484,5.3,14.1,0.375,34.2,67.4,0.507,22.4,30.3,0.738,12.5,32.5,45.0,23.4,8.0,5.6,15.2,22.8,106.6
1993-94 San Antonio Spurs,241.2,38.8,81.6,0.475,3.0,8.7,0.349,35.7,72.9,0.49,19.5,26.2,0.742,14.5,31.7,46.2,23.1,6.8,5.5,14.6,20.3,100.0
1992-93 San Antonio Spurs,242.1,40.4,82.5,0.49,2.9,8.4,0.341,37.5,74.0,0.507,21.9,28.6,0.765,11.2,31.0,42.2,24.5,7.1,6.3,15.0,22.5,105.5
1991-92 San Antonio Spurs,241.2,41.2,86.5,0.476,1.4,4.9,0.292,39.7,81.5,0.487,20.1,27.4,0.736,15.0,31.1,46.1,24.5,8.9,7.4,16.0,21.9,104.0
1990-91 San Antonio Spurs,241.8,41.6,85.2,0.488,1.0,3.6,0.273,40.6,81.6,0.497,23.0,30.0,0.766,13.8,32.4,46.2,26.1,8.2,7.0,17.6,23.1,107.1
1989-90 San Antonio Spurs,240.6,41.3,85.3,0.484,0.7,2.8,0.239,40.7,82.6,0.492,23.0,30.9,0.745,14.2,30.2,44.4,24.8,9.7,6.8,17.1,22.6,106.3
1988-89 San Antonio Spurs,240.9,42.3,90.4,0.468,0.8,3.6,0.215,41.5,86.8,0.479,20.1,28.9,0.698,15.8,26.6,42.4,24.8,11.7,5.2,20.9,26.3,105.5
1987-88 San Antonio Spurs,241.5,45.2,92.2,0.49,1.6,5.0,0.323,43.6,87.2,0.5,21.6,29.4,0.733,14.4,28.5,42.9,28.6,9.0,5.7,17.3,24.3,113.6
1986-87 San Antonio Spurs,241.5,43.1,90.9,0.474,1.4,4.9,0.29,41.6,86.0,0.484,20.7,28.0,0.742,15.7,28.6,44.3,27.1,9.6,4.0,17.1,23.5,108.3
1985-86 San Antonio Spurs,241.5,43.9,86.6,0.506,0.6,2.4,0.235,43.3,84.2,0.514,23.0,30.8,0.746,13.0,29.4,42.5,27.6,9.8,4.8,19.8,25.8,111.2
1984-85 San Antonio Spurs,241.2,45.1,87.8,0.513,0.7,2.5,0.272,44.4,85.4,0.52,23.9,31.4,0.763,13.7,30.1,43.9,28.2,9.2,5.4,18.8,26.6,114.8
1983-84 San Antonio Spurs,243.7,47.7,94.2,0.506,1.0,3.2,0.3,46.7,91.0,0.514,24.0,31.8,0.755,15.0,30.8,45.8,28.8,8.4,6.0,17.6,26.2,120.3
1982-83 San Antonio Spurs,241.2,45.1,89.5,0.504,1.1,3.8,0.305,43.9,85.8,0.512,23.0,30.1,0.765,15.0,31.7,46.7,27.6,8.2,5.7,18.3,25.5,114.3
1981-82 San Antonio Spurs,240.9,45.1,92.8,0.486,0.8,3.1,0.254,44.3,89.8,0.494,22.1,28.5,0.776,15.3,30.9,46.2,27.5,7.3,6.8,15.8,27.0,113.1
1980-81 San Antonio Spurs,241.5,43.5,88.7,0.491,0.2,1.0,0.176,43.4,87.7,0.495,25.0,32.5,0.769,15.9,31.5,47.4,25.0,8.4,7.8,18.7,25.8,112.3
1979-80 San Antonio Spurs,240.9,47.0,94.4,0.498,0.6,2.5,0.252,46.4,91.9,0.505,24.7,30.8,0.801,14.1,30.7,44.7,28.4,9.4,4.1,19.4,25.6,119.4
1983-84 San Diego Clippers,240.6,44.3,89.3,0.496,0.3,1.6,0.188,44.0,87.8,0.502,21.8,29.6,0.736,15.9,29.0,45.0,24.2,6.9,4.7,18.5,24.6,110.7
1982-83 San Diego Clippers,241.8,44.2,93.1,0.475,0.8,3.2,0.244,43.4,89.9,0.483,19.4,26.8,0.724,17.0,25.7,42.7,25.5,10.0,5.0,19.5,27.9,108.6
1981-82 San Diego Clippers,240.9,43.3,86.6,0.5,1.2,4.1,0.293,42.1,82.5,0.511,20.6,28.5,0.723,13.8,26.8,40.6,22.9,7.8,3.6,19.1,28.7,108.5
1980-81 San Diego Clippers,240.6,42.4,88.8,0.477,1.6,5.0,0.324,40.8,83.9,0.486,20.1,27.4,0.735,14.3,26.1,40.4,25.6,9.3,3.6,17.2,25.3,106.5
1979-80 San Diego Clippers,240.9,43.0,91.4,0.47,2.2,6.6,0.326,40.8,84.8,0.482,19.5,26.4,0.736,15.8,28.1,43.9,20.6,8.1,3.5,17.6,23.1,107.6
2007-08 Seattle SuperSonics,241.8,38.1,85.8,0.444,3.8,11.5,0.333,34.3,74.3,0.462,17.5,22.8,0.77,11.8,32.8,44.6,21.3,6.5,4.9,16.0,20.5,97.5
2006-07 Seattle SuperSonics,241.8,37.2,80.8,0.46,6.4,17.7,0.362,30.8,63.1,0.487,18.4,23.3,0.791,11.3,28.3,39.6,20.7,7.7,3.7,15.5,22.0,99.1
2005-06 Seattle SuperSonics,241.8,37.5,81.8,0.459,7.4,19.9,0.371,30.1,62.0,0.487,20.1,25.7,0.785,12.4,27.2,39.6,20.7,7.6,3.7,14.7,23.6,102.6
2004-05 Seattle SuperSonics,240.9,35.1,79.2,0.444,8.1,22.2,0.365,27.0,57.0,0.474,20.5,26.0,0.79,12.7,28.2,40.9,18.1,6.7,4.1,13.6,23.7,98.9
2003-04 Seattle SuperSonics,241.5,35.8,80.4,0.446,8.8,23.6,0.373,27.0,56.8,0.476,16.6,21.7,0.765,11.1,28.3,39.3,21.7,8.1,4.7,14.5,21.8,97.1
2002-03 Seattle SuperSonics,242.1,35.2,80.5,0.437,5.6,15.7,0.353,29.6,64.7,0.458,16.2,21.7,0.744,11.7,29.1,40.8,21.6,8.3,3.6,13.2,20.9,92.1
2001-02 Seattle SuperSonics,241.8,38.2,81.5,0.469,6.0,15.8,0.378,32.2,65.7,0.49,15.4,20.4,0.755,11.8,28.5,40.3,23.5,8.5,4.4,13.7,21.1,97.7
2000-01 Seattle SuperSonics,241.5,36.9,81.1,0.456,5.7,14.3,0.399,31.3,66.8,0.468,17.7,24.2,0.732,12.2,29.5,41.7,21.9,8.0,5.0,15.3,21.1,97.3
1999-00 Seattle SuperSonics,241.2,37.9,84.7,0.447,6.7,19.6,0.339,31.2,65.1,0.48,16.6,23.9,0.695,12.7,30.3,43.0,22.9,8.0,4.2,14.0,21.7,99.1
1998-99 Seattle SuperSonics,242.0,35.1,79.5,0.442,6.2,18.0,0.344,28.9,61.5,0.47,18.4,27.1,0.681,13.5,28.4,42.0,21.7,7.9,4.0,15.3,20.9,94.9
1997-98 Seattle SuperSonics,240.9,37.2,78.8,0.473,7.6,19.1,0.396,29.6,59.6,0.497,18.5,25.7,0.721,11.4,27.1,38.5,24.2,9.8,4.6,14.0,22.1,100.6
1996-97 Seattle SuperSonics,241.2,36.5,78.2,0.467,6.8,19.3,0.353,29.7,58.9,0.504,21.0,28.0,0.752,12.3,27.7,40.0,23.5,11.0,4.7,15.0,22.0,100.9
1995-96 Seattle SuperSonics,242.4,37.5,78.1,0.48,7.1,19.5,0.364,30.4,58.6,0.519,22.5,29.6,0.76,11.6,29.9,41.5,24.4,10.8,4.8,17.6,24.0,104.5
1994-95 Seattle SuperSonics,241.8,40.4,82.2,0.491,6.0,15.9,0.376,34.4,66.3,0.519,23.7,31.3,0.758,13.0,28.5,41.5,25.8,11.2,4.8,15.8,25.2,110.4
1993-94 Seattle SuperSonics,240.6,40.7,84.2,0.484,3.0,8.8,0.335,37.8,75.4,0.501,21.6,29.0,0.745,14.0,27.2,41.2,25.8,12.8,4.5,15.4,23.3,105.9
1992-93 Seattle SuperSonics,241.2,42.4,87.1,0.486,2.7,7.4,0.357,39.7,79.6,0.498,21.0,27.5,0.761,14.9,27.5,42.4,23.2,11.5,5.0,15.5,24.0,108.3
1991-92 Seattle SuperSonics,242.1,41.2,86.9,0.474,2.5,7.9,0.317,38.7,79.0,0.49,21.6,27.6,0.783,15.6,27.5,43.2,22.9,9.5,5.5,16.1,23.8,106.5
1990-91 Seattle SuperSonics,242.4,42.7,86.8,0.492,1.7,5.2,0.319,41.0,81.6,0.503,19.6,26.1,0.75,14.9,26.5,41.4,24.9,10.5,4.6,17.1,24.1,106.6
1989-90 Seattle SuperSonics,242.7,42.3,88.3,0.479,2.8,7.9,0.355,39.5,80.4,0.491,19.6,26.4,0.741,16.1,27.5,43.6,22.9,8.5,4.1,16.3,25.2,106.9
1988-89 Seattle SuperSonics,241.2,43.5,91.2,0.477,3.6,9.4,0.379,39.9,81.8,0.488,21.6,29.0,0.746,17.0,27.3,44.3,25.4,10.5,6.0,17.1,24.7,112.1
1987-88 Seattle SuperSonics,242.1,43.2,90.8,0.476,2.7,7.8,0.346,40.5,83.0,0.488,22.3,29.8,0.748,16.0,28.2,44.2,26.2,9.5,5.5,16.8,29.0,111.4
1986-87 Seattle SuperSonics,242.1,43.8,90.9,0.482,2.3,7.0,0.335,41.5,83.9,0.494,23.8,31.4,0.758,16.7,29.2,46.0,26.6,8.6,5.5,18.4,27.1,113.7
1985-86 Seattle SuperSonics,243.0,40.7,86.1,0.472,1.0,3.7,0.263,39.7,82.4,0.482,22.1,28.4,0.779,14.0,27.5,41.5,24.1,9.1,3.6,17.5,26.4,104.4
1984-85 Seattle SuperSonics,240.3,40.0,84.3,0.474,0.5,2.3,0.243,39.4,82.0,0.481,21.7,28.1,0.771,12.4,27.9,40.3,26.6,7.9,4.2,18.2,24.1,102.1
1983-84 Seattle SuperSonics,241.2,42.2,86.4,0.488,0.3,1.7,0.193,41.9,84.7,0.494,23.4,30.0,0.78,13.0,28.4,41.4,27.2,7.8,4.3,16.6,23.0,108.1
1982-83 Seattle SuperSonics,241.5,43.9,88.7,0.494,0.4,1.7,0.21,43.5,87.1,0.5,21.9,30.0,0.73,14.0,31.3,45.4,27.8,8.3,5.3,18.7,24.0,110.0
1981-82 Seattle SuperSonics,241.8,42.7,87.5,0.488,0.5,1.9,0.248,42.3,85.7,0.494,21.3,28.8,0.74,13.5,31.0,44.5,25.6,8.4,5.6,16.5,25.1,107.3
1980-81 Seattle SuperSonics,241.2,40.8,87.1,0.468,0.4,1.4,0.274,40.4,85.7,0.471,22.1,29.0,0.763,14.2,29.7,43.9,23.7,7.7,5.3,18.6,24.2,104.0
1979-80 Seattle SuperSonics,241.8,43.3,92.3,0.47,0.7,2.3,0.312,42.6,90.0,0.474,21.1,27.5,0.768,16.8,31.1,47.9,24.9,9.1,5.2,18.2,22.7,108.5
2023-24 Toronto Raptors,241.5,42.3,89.7,0.471,11.5,33.1,0.347,30.8,56.6,0.543,16.3,21.6,0.756,10.9,31.8,42.7,28.5,7.7,4.7,14.0,18.4,112.4
2022-23 Toronto Raptors,241.5,41.9,91.3,0.459,10.7,32.0,0.335,31.1,59.3,0.525,18.4,23.4,0.784,12.7,30.3,43.0,23.9,9.4,5.2,11.7,20.0,112.9
2021-22 Toronto Raptors,242.1,40.6,91.3,0.445,11.9,34.2,0.349,28.7,57.1,0.503,16.2,21.3,0.759,13.4,32.0,45.3,22.1,9.0,4.6,12.5,19.6,109.4
2020-21 Toronto Raptors,240.3,39.7,88.7,0.448,14.5,39.3,0.368,25.3,49.3,0.512,17.4,21.3,0.815,9.4,32.1,41.6,24.1,8.6,5.4,13.2,21.2,111.3
2019-20 Toronto Raptors,241.4,40.2,87.9,0.458,13.8,37.0,0.374,26.4,50.9,0.519,18.5,23.2,0.796,9.5,35.9,45.4,25.2,8.8,5.0,14.8,21.7,112.8
2018-19 Toronto Raptors,242.4,42.2,89.1,0.474,12.4,33.8,0.366,29.8,55.3,0.539,17.7,22.0,0.804,9.6,35.6,45.2,25.4,8.3,5.3,14.0,21.0,114.4
2017-18 Toronto Raptors,241.8,41.3,87.4,0.472,11.8,33.0,0.358,29.5,54.4,0.541,17.3,21.8,0.794,9.8,34.2,44.0,24.3,7.6,6.1,13.4,21.7,111.7
2016-17 Toronto Raptors,241.2,39.2,84.4,0.464,8.8,24.3,0.363,30.3,60.0,0.505,19.7,24.7,0.796,10.6,32.6,43.3,18.5,8.3,4.9,12.7,20.8,106.9
2015-16 Toronto Raptors,241.2,36.7,81.3,0.451,8.6,23.4,0.37,28.0,58.0,0.483,20.8,26.7,0.777,10.2,33.2,43.4,18.7,7.8,5.5,13.1,19.6,102.7
2014-15 Toronto Raptors,242.1,37.9,83.3,0.455,8.9,25.1,0.352,29.0,58.2,0.499,19.3,24.6,0.787,10.7,30.8,41.5,20.7,7.5,4.4,12.9,20.9,104.0
2013-14 Toronto Raptors,243.4,36.5,81.9,0.445,8.7,23.4,0.372,27.8,58.5,0.475,19.6,25.1,0.782,11.4,31.1,42.5,21.2,7.0,4.2,14.1,23.0,101.3
2012-13 Toronto Raptors,243.7,36.3,81.5,0.446,7.0,20.3,0.343,29.4,61.2,0.48,17.6,22.3,0.788,10.6,29.6,40.2,21.5,7.3,4.8,13.7,22.4,97.2
2011-12 Toronto Raptors,241.9,34.4,78.1,0.44,5.5,16.3,0.34,28.8,61.8,0.467,16.4,21.4,0.77,10.6,31.4,42.0,20.9,6.5,4.9,15.2,23.2,90.7
2010-11 Toronto Raptors,241.2,38.3,82.4,0.465,4.2,13.3,0.316,34.1,69.1,0.494,18.2,24.1,0.755,11.7,28.6,40.3,21.9,7.1,4.3,14.7,22.0,99.1
2009-10 Toronto Raptors,241.2,39.0,80.9,0.482,6.3,17.0,0.371,32.7,63.8,0.512,19.7,25.8,0.764,9.8,30.6,40.4,22.0,5.7,4.7,13.4,22.2,104.1
2008-09 Toronto Raptors,241.5,37.2,81.4,0.458,5.8,15.7,0.372,31.4,65.7,0.478,18.7,22.7,0.824,9.8,30.6,40.4,22.4,6.4,4.8,13.4,19.4,99.0
2007-08 Toronto Raptors,241.8,38.4,82.0,0.468,7.0,17.8,0.392,31.4,64.2,0.489,16.4,20.2,0.812,9.6,30.4,40.1,23.8,7.0,4.1,11.7,19.5,100.2
2006-07 Toronto Raptors,240.9,37.0,79.8,0.463,6.5,17.9,0.363,30.5,62.0,0.492,19.0,24.2,0.788,9.2,30.2,39.5,22.2,7.1,3.9,13.5,20.4,99.5
2005-06 Toronto Raptors,243.4,36.7,81.0,0.454,7.4,19.8,0.375,29.3,61.2,0.479,20.2,25.5,0.791,10.5,27.9,38.5,19.4,6.5,3.3,13.1,24.0,101.1
2004-05 Toronto Raptors,241.5,36.0,81.2,0.444,7.9,20.5,0.385,28.1,60.7,0.463,19.8,25.6,0.774,10.3,29.8,40.1,20.4,7.6,3.9,13.3,22.9,99.7
2003-04 Toronto Raptors,243.7,32.4,77.4,0.418,5.6,15.8,0.356,26.7,61.6,0.434,15.1,20.1,0.75,10.1,29.5,39.6,19.2,7.4,4.9,14.2,21.3,85.4
2002-03 Toronto Raptors,241.5,34.7,81.3,0.427,5.0,14.5,0.343,29.7,66.7,0.446,16.5,22.9,0.718,12.5,28.7,41.2,19.3,7.4,4.8,14.4,21.5,90.9
2001-02 Toronto Raptors,240.9,35.6,82.0,0.434,4.7,13.5,0.349,30.9,68.5,0.451,15.5,20.9,0.739,13.6,28.5,42.1,21.7,8.4,5.5,14.3,21.6,91.4
2000-01 Toronto Raptors,243.4,37.2,85.0,0.437,5.2,14.2,0.369,31.9,70.8,0.451,18.1,24.2,0.747,13.6,30.8,44.5,24.4,7.3,6.3,13.2,21.3,97.6
1999-00 Toronto Raptors,240.9,36.3,83.9,0.433,5.2,14.3,0.363,31.2,69.6,0.447,19.3,25.2,0.765,13.4,29.9,43.3,23.7,8.1,6.6,13.9,24.3,97.2
1998-99 Toronto Raptors,241.5,33.2,78.8,0.421,4.5,13.2,0.341,28.7,65.6,0.437,20.2,26.6,0.76,14.2,28.9,43.2,20.7,8.8,6.4,16.0,22.8,91.1
1997-98 Toronto Raptors,243.0,36.2,83.1,0.435,4.5,13.2,0.343,31.6,69.8,0.453,18.0,25.1,0.718,14.5,26.2,40.7,21.3,9.4,8.1,16.7,22.6,94.9
1996-97 Toronto Raptors,241.8,35.3,80.9,0.437,7.2,19.8,0.363,28.1,61.1,0.461,17.6,24.5,0.72,13.8,27.5,41.3,20.9,8.8,6.3,16.4,23.0,95.5
1995-96 Toronto Raptors,241.8,37.6,80.5,0.467,5.0,14.2,0.354,32.6,66.2,0.492,17.2,23.8,0.723,13.1,27.0,40.0,23.5,9.1,6.0,18.8,24.2,97.5
2023-24 Utah Jazz,241.5,42.0,89.9,0.467,12.9,36.5,0.354,29.1,53.4,0.544,18.8,22.6,0.83,12.2,33.2,45.5,27.2,6.5,5.6,15.7,18.6,115.7
2022-23 Utah Jazz,241.5,42.5,89.8,0.473,13.3,37.8,0.353,29.2,52.0,0.56,18.7,23.8,0.786,11.8,34.1,45.9,26.0,6.1,5.2,15.4,20.5,117.1
2021-22 Utah Jazz,240.6,40.6,86.2,0.471,14.5,40.3,0.36,26.0,45.8,0.568,17.9,23.4,0.767,10.8,35.6,46.3,22.4,7.2,4.9,14.0,18.9,113.6
2020-21 Utah Jazz,241.0,41.3,88.1,0.468,16.7,43.0,0.389,24.5,45.1,0.544,17.2,21.5,0.799,10.6,37.6,48.3,23.7,6.6,5.2,14.2,18.5,116.4
2019-20 Utah Jazz,241.0,40.1,85.1,0.471,13.4,35.2,0.38,26.7,49.9,0.535,17.8,22.8,0.779,9.1,35.8,44.9,22.4,6.1,4.1,15.1,20.4,111.3
2018-19 Utah Jazz,240.9,40.4,86.4,0.468,12.1,34.0,0.356,28.3,52.4,0.541,18.8,25.5,0.736,10.0,36.4,46.4,26.0,8.1,5.9,15.1,21.1,111.7
2017-18 Utah Jazz,240.9,38.3,82.9,0.462,10.8,29.6,0.366,27.5,53.3,0.515,16.8,21.5,0.779,9.0,34.2,43.3,22.4,8.6,5.1,14.7,19.6,104.1
2016-17 Utah Jazz,240.9,37.0,79.5,0.466,9.6,26.0,0.372,27.3,53.5,0.511,17.1,22.9,0.747,9.4,33.8,43.2,20.1,6.7,5.0,13.6,18.8,100.7
2015-16 Utah Jazz,243.4,36.1,80.4,0.449,8.5,23.9,0.355,27.6,56.5,0.488,17.1,23.0,0.744,10.7,32.5,43.2,19.0,7.7,5.2,14.9,20.2,97.7
2014-15 Utah Jazz,240.3,35.4,79.2,0.447,7.4,21.7,0.343,27.9,57.5,0.486,17.0,23.5,0.721,12.0,31.9,44.0,19.9,7.6,6.0,15.3,19.3,95.1
2013-14 Utah Jazz,241.2,36.0,81.1,0.444,6.6,19.2,0.344,29.4,61.9,0.474,16.4,22.0,0.747,11.0,30.2,41.2,20.3,7.0,4.5,14.6,20.7,95.0
2012-13 Utah Jazz,242.4,37.1,81.8,0.454,6.2,16.9,0.366,31.0,64.9,0.477,17.5,23.0,0.764,12.1,30.0,42.0,22.7,8.4,6.3,14.8,21.3,98.0
2011-12 Utah Jazz,244.9,38.2,83.8,0.456,4.1,12.8,0.323,34.1,71.0,0.48,19.1,25.3,0.754,13.0,31.1,44.2,21.8,8.3,5.8,14.2,21.8,99.7
2010-11 Utah Jazz,242.4,37.4,80.4,0.465,5.3,15.3,0.346,32.1,65.0,0.493,19.4,25.1,0.771,11.0,28.5,39.5,23.4,7.7,5.9,14.3,22.7,99.4
2009-10 Utah Jazz,240.9,39.4,80.2,0.491,5.4,14.7,0.364,34.0,65.5,0.519,20.2,27.2,0.741,10.6,31.6,42.2,26.7,8.2,4.9,15.2,22.7,104.2
2008-09 Utah Jazz,242.4,38.3,80.8,0.475,4.8,13.7,0.349,33.5,67.1,0.5,22.1,28.7,0.771,11.5,29.5,41.0,24.7,8.8,4.6,14.8,22.3,103.6
2007-08 Utah Jazz,240.3,40.0,80.4,0.497,5.0,13.4,0.372,35.0,67.0,0.522,21.3,28.0,0.759,11.5,29.4,40.9,26.4,8.7,4.3,14.6,24.0,106.2
2006-07 Utah Jazz,241.5,37.4,78.9,0.474,4.3,12.9,0.335,33.1,66.0,0.501,22.3,30.0,0.743,12.6,30.0,42.5,24.7,7.0,4.1,15.6,25.2,101.5
2005-06 Utah Jazz,242.4,33.5,75.7,0.442,3.8,11.3,0.336,29.7,64.4,0.461,21.6,30.1,0.719,13.1,29.0,42.1,21.6,6.4,6.0,15.7,24.8,92.4
2004-05 Utah Jazz,241.2,34.5,76.8,0.449,3.0,9.3,0.328,31.4,67.5,0.465,21.0,27.7,0.757,12.8,27.4,40.1,22.3,6.6,4.6,15.8,26.7,93.0
2003-04 Utah Jazz,241.2,32.8,75.3,0.436,3.1,9.6,0.321,29.7,65.7,0.453,20.0,26.8,0.746,13.5,27.7,41.2,20.4,7.1,6.0,16.6,25.6,88.7
2002-03 Utah Jazz,241.2,35.3,75.5,0.468,2.7,7.8,0.349,32.6,67.7,0.481,21.3,28.6,0.745,12.5,29.0,41.5,25.6,8.6,5.7,16.8,22.4,94.7
2001-02 Utah Jazz,241.8,35.0,77.7,0.45,3.4,10.3,0.333,31.6,67.5,0.468,22.6,29.6,0.763,13.5,28.6,42.2,24.4,9.1,6.4,16.5,24.0,96.0
2000-01 Utah Jazz,241.2,36.1,76.7,0.471,4.0,10.4,0.381,32.1,66.3,0.485,20.9,27.8,0.752,11.5,29.1,40.6,25.7,8.1,5.6,15.8,25.7,97.1
1999-00 Utah Jazz,240.9,36.1,77.8,0.464,4.0,10.4,0.385,32.1,67.4,0.476,20.3,26.2,0.773,11.4,29.6,41.0,24.9,7.7,5.4,14.9,24.5,96.5
1998-99 Utah Jazz,243.5,33.7,72.4,0.465,2.8,7.8,0.361,30.9,64.6,0.478,23.2,30.2,0.767,11.1,30.2,41.3,24.1,8.0,5.5,16.3,22.7,93.3
1997-98 Utah Jazz,241.2,36.5,74.5,0.49,3.0,8.2,0.372,33.5,66.4,0.504,24.9,32.2,0.773,11.7,29.3,41.1,25.2,7.9,5.0,15.4,23.9,101.0
1996-97 Utah Jazz,241.8,38.2,75.8,0.504,4.1,11.0,0.37,34.1,64.8,0.526,22.7,29.5,0.769,10.8,29.4,40.2,26.8,9.1,5.1,15.4,24.2,103.1
1995-96 Utah Jazz,241.2,38.2,78.3,0.488,4.6,12.4,0.372,33.6,65.9,0.509,21.6,28.1,0.768,12.1,28.9,41.0,26.1,8.1,5.1,14.8,25.0,102.5
1994-95 Utah Jazz,241.2,39.5,77.3,0.512,3.7,9.8,0.376,35.9,67.5,0.531,23.6,30.3,0.781,10.7,29.4,40.1,27.5,9.2,4.8,15.7,24.9,106.4
1993-94 Utah Jazz,241.8,39.1,82.1,0.477,2.2,6.8,0.32,36.9,75.2,0.491,21.5,29.0,0.74,12.9,29.1,42.0,26.6,9.2,4.4,14.5,24.2,101.9
1992-93 Utah Jazz,240.9,40.7,83.3,0.489,1.6,5.0,0.314,39.1,78.2,0.5,23.3,30.4,0.766,12.7,30.0,42.7,26.5,9.1,4.2,15.5,24.0,106.2
1991-92 Utah Jazz,242.4,41.2,83.7,0.492,1.9,5.6,0.345,39.3,78.1,0.503,23.9,30.4,0.788,13.4,31.0,44.4,26.7,8.7,5.5,15.4,21.3,108.3
1990-91 Utah Jazz,241.2,39.2,79.7,0.492,1.8,5.6,0.323,37.4,74.1,0.504,23.8,30.1,0.789,10.6,30.2,40.7,27.0,8.0,5.5,15.9,21.9,104.0
1989-90 Utah Jazz,241.8,40.6,80.4,0.505,2.8,7.7,0.359,37.9,72.7,0.521,22.9,30.3,0.754,11.6,30.5,42.1,27.0,8.3,6.0,17.2,24.8,106.8
1988-89 Utah Jazz,240.6,38.8,80.4,0.482,1.4,4.6,0.3,37.4,75.8,0.494,25.7,33.4,0.77,12.8,31.8,44.6,25.7,8.8,7.1,18.7,23.1,104.7
1987-88 Utah Jazz,240.3,42.5,86.5,0.491,1.6,4.9,0.319,40.9,81.6,0.502,22.0,29.3,0.75,13.0,31.1,44.1,29.4,9.4,7.6,18.1,24.2,108.5
1986-87 Utah Jazz,240.9,42.5,91.6,0.464,1.7,5.5,0.31,40.8,86.2,0.474,21.2,29.1,0.726,14.6,30.0,44.5,27.3,10.2,7.7,17.1,24.9,107.9
1985-86 Utah Jazz,241.2,42.1,86.4,0.488,0.4,2.1,0.207,41.7,84.3,0.494,23.5,32.9,0.716,13.0,30.2,43.3,26.8,8.7,8.1,18.5,24.9,108.2
1984-85 Utah Jazz,240.9,42.4,89.0,0.476,1.3,3.7,0.336,41.2,85.3,0.482,22.9,29.7,0.772,13.2,31.1,44.3,26.1,8.7,8.5,19.2,23.9,109.0
1983-84 Utah Jazz,241.2,44.0,88.3,0.498,1.2,3.9,0.319,42.7,84.5,0.506,25.8,33.0,0.781,13.4,30.8,44.1,27.2,8.5,7.4,18.4,24.1,115.0
1982-83 Utah Jazz,240.9,43.0,89.5,0.48,0.5,2.2,0.24,42.5,87.3,0.486,22.5,29.8,0.756,13.3,31.1,44.4,26.5,9.2,7.3,20.5,24.6,109.0
1981-82 Utah Jazz,241.2,44.9,90.8,0.494,0.3,1.2,0.227,44.6,89.6,0.498,20.9,27.8,0.751,14.0,28.8,42.8,23.1,8.5,4.4,17.5,26.8,110.9
1980-81 Utah Jazz,240.6,40.6,83.2,0.488,0.5,2.0,0.258,40.1,81.2,0.494,19.5,25.4,0.767,11.7,28.4,40.1,23.8,7.8,4.7,17.4,25.7,101.2
1979-80 Utah Jazz,241.5,41.2,83.1,0.496,0.7,2.3,0.319,40.5,80.9,0.501,19.2,23.7,0.809,11.8,28.8,40.6,24.5,8.0,4.4,18.8,24.5,102.4
2000-01 Vancouver Grizzlies,241.2,35.0,79.7,0.439,4.0,11.5,0.343,31.0,68.2,0.455,17.8,23.1,0.77,10.9,29.6,40.5,23.2,7.1,4.4,15.7,21.1,91.7
1999-00 Vancouver Grizzlies,242.1,35.3,78.5,0.449,4.0,11.0,0.361,31.3,67.6,0.463,19.4,25.1,0.774,12.3,28.3,40.6,20.7,7.4,4.2,16.8,22.9,93.9
1998-99 Vancouver Grizzlies,243.5,32.9,76.8,0.428,3.0,9.1,0.327,29.9,67.7,0.442,20.2,28.2,0.717,13.0,27.2,40.2,19.3,8.4,4.0,17.0,22.5,88.9
1997-98 Vancouver Grizzlies,241.8,36.7,80.1,0.458,4.0,11.0,0.362,32.7,69.1,0.473,19.3,26.2,0.739,13.2,28.2,41.4,23.9,7.5,4.3,17.1,22.1,96.6
1996-97 Vancouver Grizzlies,241.2,34.4,78.7,0.437,5.4,15.5,0.349,29.0,63.2,0.458,15.0,21.1,0.709,12.5,26.3,38.8,22.7,8.0,5.7,15.9,21.4,89.2
1995-96 Vancouver Grizzlies,242.4,33.8,79.1,0.428,4.5,13.8,0.329,29.3,65.3,0.448,17.6,24.4,0.724,11.7,26.5,38.1,20.8,8.9,4.1,16.4,22.6,89.8
2023-24 Washington Wizards,240.6,43.0,91.4,0.47,12.4,35.5,0.348,30.6,55.8,0.548,15.4,20.2,0.764,9.2,31.9,41.1,27.9,7.6,5.1,14.0,20.0,113.7
2022-23 Washington Wizards,240.9,42.1,86.9,0.485,11.3,31.7,0.356,30.9,55.2,0.559,17.6,22.4,0.785,9.4,34.2,43.6,25.4,6.8,5.2,14.1,18.8,113.2
2021-22 Washington Wizards,241.8,40.6,86.0,0.472,10.5,30.6,0.342,30.1,55.4,0.543,17.0,21.7,0.783,9.0,34.1,43.1,25.0,6.4,5.0,13.1,18.8,108.6
2020-21 Washington Wizards,241.7,43.2,90.9,0.475,10.2,29.0,0.351,33.0,61.9,0.533,20.1,26.2,0.769,9.7,35.5,45.2,25.5,7.3,4.1,14.4,21.6,116.6
2019-20 Washington Wizards,241.0,41.5,90.9,0.457,12.0,32.6,0.368,29.5,58.3,0.506,19.4,24.6,0.788,10.2,31.9,42.0,25.0,8.0,4.3,14.2,22.7,114.4
2018-19 Washington Wizards,243.0,42.1,90.1,0.468,11.3,33.3,0.341,30.8,56.8,0.543,18.4,23.9,0.768,9.7,32.7,42.4,26.3,8.3,4.6,14.1,20.7,114.0
2017-18 Washington Wizards,242.1,39.9,85.6,0.467,9.9,26.5,0.375,30.0,59.1,0.508,16.8,21.8,0.772,10.0,33.1,43.1,25.2,7.9,4.3,14.6,21.3,106.6
2016-17 Washington Wizards,242.1,41.3,87.0,0.475,9.2,24.8,0.372,32.1,62.3,0.515,17.3,22.1,0.784,10.3,32.6,42.9,23.9,8.5,4.1,14.2,21.3,109.2
2015-16 Washington Wizards,240.9,39.5,85.8,0.46,8.6,24.2,0.358,30.8,61.6,0.501,16.5,22.5,0.73,9.1,32.8,41.8,24.5,8.6,3.9,14.5,20.8,104.1
2014-15 Washington Wizards,243.4,38.3,82.8,0.462,6.1,16.8,0.36,32.2,66.0,0.488,15.9,21.4,0.742,10.5,34.2,44.7,24.0,7.3,4.6,15.0,20.8,98.5
2013-14 Washington Wizards,244.6,38.7,84.4,0.459,7.9,20.8,0.38,30.9,63.6,0.485,15.3,20.9,0.731,10.8,31.4,42.2,23.3,8.1,4.6,14.7,20.4,100.7
2012-13 Washington Wizards,242.1,35.5,81.6,0.435,6.6,18.2,0.365,28.8,63.4,0.455,15.6,21.3,0.733,10.8,32.3,43.2,21.6,7.3,4.6,15.1,20.5,93.2
2011-12 Washington Wizards,240.4,36.6,83.0,0.441,5.2,16.3,0.32,31.4,66.7,0.47,15.3,21.0,0.727,11.7,29.9,41.7,19.1,8.0,6.3,15.3,21.3,93.6
2010-11 Washington Wizards,243.0,37.2,84.0,0.443,4.8,14.4,0.332,32.4,69.6,0.465,18.2,24.4,0.745,12.4,29.0,41.3,19.4,8.1,6.1,15.3,22.6,97.3
2009-10 Washington Wizards,241.8,36.7,81.7,0.449,5.3,14.9,0.353,31.4,66.8,0.471,17.6,23.1,0.762,11.8,30.0,41.8,19.0,6.0,5.1,14.9,21.4,96.2
2008-09 Washington Wizards,240.3,36.5,81.2,0.45,4.8,14.6,0.33,31.7,66.5,0.476,18.2,23.8,0.767,11.7,28.4,40.1,20.0,7.5,4.5,14.0,20.5,96.1
2007-08 Washington Wizards,242.7,36.4,81.6,0.446,7.0,19.7,0.356,29.4,62.0,0.475,19.0,24.3,0.782,12.3,29.3,41.6,19.6,7.7,4.8,13.2,19.6,98.8
2006-07 Washington Wizards,241.8,37.4,83.2,0.45,6.8,19.7,0.348,30.6,63.5,0.482,22.6,29.6,0.765,12.2,29.0,41.2,20.2,7.7,4.6,13.8,22.2,104.3
2005-06 Washington Wizards,241.8,36.3,81.2,0.447,6.1,17.0,0.357,30.2,64.2,0.471,23.0,30.4,0.757,12.6,28.6,41.2,18.6,8.0,4.1,13.9,22.6,101.7
2004-05 Washington Wizards,241.2,36.2,82.9,0.437,6.3,18.3,0.343,29.9,64.6,0.463,21.9,30.2,0.725,13.8,29.0,42.8,19.1,8.7,4.2,14.3,22.0,100.5
2003-04 Washington Wizards,241.8,33.6,80.0,0.421,5.3,15.5,0.341,28.4,64.5,0.44,19.3,27.0,0.714,13.6,29.2,42.8,18.7,8.9,5.0,17.5,20.9,91.8
2002-03 Washington Wizards,241.8,34.3,78.0,0.44,3.1,9.9,0.312,31.3,68.1,0.459,19.7,25.3,0.779,11.2,29.2,40.4,19.7,7.6,4.8,13.4,20.0,91.5
2001-02 Washington Wizards,240.6,35.8,81.3,0.441,3.7,9.6,0.388,32.1,71.7,0.448,17.4,22.8,0.765,12.9,29.2,42.0,20.9,7.0,4.3,13.0,21.5,92.8
2000-01 Washington Wizards,240.0,34.5,78.7,0.439,3.4,10.3,0.324,31.2,68.4,0.456,20.8,27.4,0.759,12.4,28.9,41.3,20.1,7.7,4.7,17.0,23.3,93.2
1999-00 Washington Wizards,241.5,36.7,81.5,0.451,4.1,10.9,0.376,32.6,70.6,0.462,19.1,25.7,0.743,13.0,29.7,42.7,21.6,7.2,4.7,16.1,26.2,96.6
1998-99 Washington Wizards,241.0,35.4,79.4,0.445,3.6,11.6,0.309,31.8,67.8,0.469,16.9,24.0,0.705,11.9,28.1,40.0,21.3,7.9,3.9,14.7,23.0,91.2
1997-98 Washington Wizards,241.5,37.6,83.1,0.452,3.9,11.5,0.339,33.7,71.5,0.47,18.2,26.3,0.691,13.7,28.5,42.2,23.2,8.4,4.6,14.1,22.4,97.2
1996-97 Washington Bullets,242.1,39.1,81.4,0.48,4.0,12.2,0.331,35.1,69.2,0.507,17.1,24.1,0.707,12.3,29.5,41.8,23.4,8.7,4.9,15.7,22.1,99.4
1995-96 Washington Bullets,241.5,39.0,80.7,0.484,6.0,14.8,0.407,33.0,65.9,0.501,18.4,25.3,0.728,11.3,28.4,39.7,22.1,7.2,6.2,16.2,24.2,102.5
1994-95 Washington Bullets,242.1,38.7,84.1,0.46,5.3,15.4,0.343,33.5,68.7,0.487,17.8,24.5,0.724,12.7,27.1,39.8,21.3,7.9,4.9,15.9,23.8,100.5
1993-94 Washington Bullets,240.3,39.0,83.2,0.468,2.7,9.1,0.297,36.3,74.2,0.489,19.7,26.4,0.748,13.1,26.7,39.8,22.2,8.5,3.9,17.1,20.9,100.4
1992-93 Washington Bullets,241.5,40.3,86.2,0.467,2.1,7.0,0.301,38.1,79.1,0.482,19.2,25.7,0.748,12.6,28.3,40.8,25.7,8.2,4.4,16.1,21.9,101.9
1991-92 Washington Bullets,242.1,41.0,89.0,0.461,1.8,6.5,0.272,39.2,82.5,0.476,18.5,23.9,0.778,13.0,28.6,41.6,24.5,8.7,5.1,15.3,22.6,102.4
1990-91 Washington Bullets,242.1,41.3,88.6,0.466,0.7,3.5,0.194,40.7,85.2,0.478,18.0,24.7,0.729,14.3,29.1,43.5,25.4,7.2,5.7,16.6,23.5,101.4
1989-90 Washington Bullets,241.8,43.9,92.5,0.475,0.5,2.4,0.188,43.4,90.0,0.482,19.5,25.5,0.764,14.6,29.9,44.5,27.0,6.8,5.2,14.6,23.5,107.7
1988-89 Washington Bullets,242.1,42.9,92.6,0.464,0.6,3.0,0.214,42.3,89.6,0.472,21.8,28.3,0.772,15.3,28.7,44.0,25.0,8.5,4.0,15.7,25.0,108.3
1987-88 Washington Bullets,242.4,40.9,87.4,0.468,0.4,1.7,0.21,40.6,85.7,0.473,23.3,30.2,0.773,15.0,28.0,43.0,22.9,8.5,6.1,16.9,23.4,105.5
1986-87 Washington Bullets,240.3,40.9,90.2,0.454,0.5,2.7,0.197,40.4,87.5,0.461,23.6,30.9,0.765,15.9,28.2,44.1,21.3,9.2,8.4,15.9,21.6,106.0
1985-86 Washington Bullets,242.1,40.4,87.2,0.463,1.4,5.0,0.284,39.0,82.2,0.474,20.8,27.9,0.745,13.0,29.7,42.7,21.3,7.6,8.7,16.4,21.9,103.0
1984-85 Washington Bullets,242.1,43.1,90.0,0.479,1.3,4.9,0.274,41.8,85.2,0.49,18.0,24.3,0.743,12.3,29.2,41.5,25.5,8.6,4.8,15.6,22.8,105.5
1983-84 Washington Bullets,242.7,40.8,84.2,0.484,0.9,3.4,0.252,39.9,80.8,0.494,20.3,26.8,0.756,12.5,29.1,41.6,26.7,6.8,3.9,17.7,24.3,102.7
1982-83 Washington Bullets,241.5,40.3,86.1,0.468,0.9,2.9,0.295,39.5,83.2,0.474,17.7,25.1,0.705,13.4,29.6,43.0,25.0,8.9,4.9,19.4,23.9,99.2
1981-82 Washington Bullets,241.8,41.5,87.4,0.474,0.7,2.9,0.25,40.7,84.5,0.482,19.8,25.7,0.772,12.8,31.5,44.3,24.2,7.8,4.8,17.0,25.3,103.5
1980-81 Washington Bullets,241.2,43.3,91.7,0.472,0.8,2.9,0.27,42.5,88.7,0.479,18.3,25.3,0.723,14.1,30.9,45.0,26.2,7.8,4.8,17.3,23.1,105.6
1979-80 Washington Bullets,242.4,43.6,95.1,0.458,0.9,2.9,0.307,42.7,92.2,0.463,18.9,25.0,0.758,16.3,33.2,49.5,26.8,6.5,5.4,16.8,23.1,107.0
